Collection.date,Tube.number,Year,Month/Year,ID,Sex,Time,Troop,Troop1,Faecal weight,Proto ,Oeso,Trich,Tern,Subu,protoEPG,oesoEPG,trichEPG,ternEPG,subuEPG,no_sp,proto_present,oeso_present,trich_present,tern_present,subu_present,sp_present,Tmin_chloe,Tmax_chloe,sample_count,bi_week_no,precip_bi_weekly,ndvi
03/04/2017,547,2017,Apr-17,dodg,M,12:50,PT,1,1.49,318,0,0,0,0,213.4228188,0,0,0,0,1,1,0,0,0,0,1,9.6,31.3,55,1,10.2,0.3817
03/04/2017,556,2017,Apr-17,mori,M,13:05,PT,1,1.09,264,0,0,0,0,242.2018349,0,0,0,0,1,1,0,0,0,0,1,9.6,31.3,55,1,10.2,0.3817
03/04/2017,561,2017,Apr-17,nige,M,12:53,PT,1,0.88,340,0,0,0,0,386.3636364,0,0,0,0,1,1,0,0,0,0,1,9.6,31.3,55,1,10.2,0.3817
03/04/2017,550,2017,Apr-17,schm,M,11:05,PT,1,0.99,48,0,0,0,0,48.48484848,0,0,0,0,1,1,0,0,0,0,1,9.6,31.3,55,1,10.2,0.3817
03/04/2017,559,2017,Apr-17,coco,F,16:48,RBM,2,0.85,720,3,3,0,0,847.0588235,3.529411765,3.529411765,0,0,3,1,1,1,0,0,1,9.6,31.3,55,1,10.2,0.4021
03/04/2017,553,2017,Apr-17,flyn,M,08:35,RBM,2,1.02,21,0,0,0,0,20.58823529,0,0,0,0,1,1,0,0,0,0,1,9.6,31.3,55,1,10.2,0.4021
03/04/2017,558,2017,Apr-17,saff,F,12:05,RBM,2,1.24,3,0,0,0,0,2.419354839,0,0,0,0,1,1,0,0,0,0,1,9.6,31.3,55,1,10.2,0.4021
03/04/2017,557,2017,Apr-17,sash,F,13:10,RBM,2,1.1,242,0,0,0,0,220,0,0,0,0,1,1,0,0,0,0,1,9.6,31.3,55,1,10.2,0.4021
03/04/2017,560,2017,Apr-17,bone,M,14:25,RST,3,1.03,52,0,0,0,0,50.48543689,0,0,0,0,1,1,0,0,0,0,1,9.6,31.3,55,1,10.2,0.454
03/04/2017,552,2017,Apr-17,laya,F,13:35,RST,3,1.18,120,0,0,0,0,101.6949153,0,0,0,0,1,1,0,0,0,0,1,9.6,31.3,55,1,10.2,0.454
03/04/2017,551,2017,Apr-17,tear,F,16:40,RST,3,1.11,671,0,0,0,0,604.5045045,0,0,0,0,1,1,0,0,0,0,1,9.6,31.3,55,1,10.2,0.454
03/04/2017,555,2017,Apr-17,yoda,M,18:20,RST,3,1.24,34,0,0,0,0,27.41935484,0,0,0,0,1,1,0,0,0,0,1,9.6,31.3,55,1,10.2,0.454
04/04/2017,564,2017,Apr-17,need,F,13:27,PT,1,1.03,18,0,0,2,0,17.47572816,0,0,1.941747573,0,2,1,0,0,1,0,1,10.3,37.4,55,1,10.2,0.3817
04/04/2017,562,2017,Apr-17,shum,F,10:32,PT,1,1.08,10,0,0,0,0,9.259259259,0,0,0,0,1,1,0,0,0,0,1,10.3,37.4,55,1,10.2,0.3817
04/04/2017,565,2017,Apr-17,panc,M,18:05,RBM,2,1.13,309,0,0,0,0,273.4513274,0,0,0,0,1,1,0,0,0,0,1,10.3,37.4,55,1,10.2,0.4021
05/04/2017,573,2017,Apr-17,tyva,F,12:40,PT,1,0.93,495,0,0,8,0,532.2580645,0,0,8.602150538,0,2,1,0,0,1,0,1,11.6,30,55,1,10.2,0.3817
05/04/2017,577,2017,Apr-17,lucy,F,11:13,RBM,2,1.09,1164,0,0,0,0,1067.889908,0,0,0,0,1,1,0,0,0,0,1,11.6,30,55,1,10.2,0.4021
05/04/2017,566,2017,Apr-17,arwe,F,13:30,RST,3,1.09,94,0,2,2,0,86.23853211,0,1.834862385,1.834862385,0,3,1,0,1,1,0,1,11.6,30,55,1,10.2,0.454
05/04/2017,571,2017,Apr-17,cycl,F,14:10,RST,3,1.15,948,0,3,0,0,824.3478261,0,2.608695652,0,0,2,1,0,1,0,0,1,11.6,30,55,1,10.2,0.454
05/04/2017,576,2017,Apr-17,pris,F,06:18,RST,3,1.08,52,0,0,0,0,48.14814815,0,0,0,0,1,1,0,0,0,0,1,11.6,30,55,1,10.2,0.454
05/04/2017,568,2017,Apr-17,zool,M,12:20,RST,3,1.05,74,0,0,0,0,70.47619048,0,0,0,0,1,1,0,0,0,0,1,11.6,30,55,1,10.2,0.454
06/04/2017,578,2017,Apr-17,brie,F,06:50,PT,1,1.13,451,0,0,0,0,399.1150442,0,0,0,0,1,1,0,0,0,0,1,12.5,17.4,55,1,10.2,0.3817
06/04/2017,582,2017,Apr-17,turt,F,07:40,PT,1,1.19,30,0,0,0,0,25.21008403,0,0,0,0,1,1,0,0,0,0,1,12.5,17.4,55,1,10.2,0.3817
06/04/2017,579,2017,Apr-17,dori,F,13:55,RBM,2,1.19,645,0,0,0,0,542.0168067,0,0,0,0,1,1,0,0,0,0,1,12.5,17.4,55,1,10.2,0.4021
06/04/2017,580,2017,Apr-17,bone,M,08:47,RST,3,0.99,18,0,0,0,0,18.18181818,0,0,0,0,1,1,0,0,0,0,1,12.5,17.4,55,1,10.2,0.454
07/04/2017,583,2017,Apr-17,holl,F,08:30,RBM,2,1.09,12,0,0,0,0,11.00917431,0,0,0,0,1,1,0,0,0,0,1,12.5,19.4,55,1,10.2,0.4021
11/04/2017,588,2017,Apr-17,laur,F,08:59,RST,3,1,7,0,0,0,0,7,0,0,0,0,1,1,0,0,0,0,1,14.1,24.7,55,1,10.2,0.454
14/04/2017,592,2017,Apr-17,lisa,F,06:32,PT,1,1.15,711,0,0,3,0,618.2608696,0,0,2.608695652,0,2,1,0,0,1,0,1,4,17.2,55,1,10.2,0.3817
17/04/2017,601,2017,Apr-17,dodg,M,12:50,PT,1,0.89,84,0,0,0,0,94.38202247,0,0,0,0,1,1,0,0,0,0,1,4.2,23.2,55,2,0.2,0.3456
17/04/2017,595,2017,Apr-17,nige,M,14:10,PT,1,0.95,393,0,0,0,0,413.6842105,0,0,0,0,1,1,0,0,0,0,1,4.2,23.2,55,2,0.2,0.3456
17/04/2017,598,2017,Apr-17,turt,F,08:40,PT,1,1.01,32,0,0,0,0,31.68316832,0,0,0,0,1,1,0,0,0,0,1,4.2,23.2,55,2,0.2,0.3456
17/04/2017,596,2017,Apr-17,coco,F,16:13,RBM,2,1.03,1630,0,10,0,0,1582.524272,0,9.708737864,0,0,2,1,0,1,0,0,1,4.2,23.2,55,2,0.2,0.3634
17/04/2017,603,2017,Apr-17,pris,F,17:55,RST,3,1.79,3,0,0,0,0,1.675977654,0,0,0,0,1,1,0,0,0,0,1,4.2,23.2,55,2,0.2,0.4307
17/04/2017,604,2017,Apr-17,yoda,M,09:55,RST,3,1.12,183,0,0,0,0,163.3928571,0,0,0,0,1,1,0,0,0,0,1,4.2,23.2,55,2,0.2,0.4307
17/04/2017,599,2017,Apr-17,zool,M,09:08,RST,3,1.01,88,0,0,0,0,87.12871287,0,0,0,0,1,1,0,0,0,0,1,4.2,23.2,55,2,0.2,0.4307
18/04/2017,606,2017,Apr-17,need,F,12:45,PT,1,1.02,88,0,0,3,0,86.2745098,0,0,2.941176471,0,2,1,0,0,1,0,1,3.7,24,55,2,0.2,0.3456
18/04/2017,613,2017,Apr-17,tyva,F,14:02,PT,1,1.37,771,0,0,0,0,562.7737226,0,0,0,0,1,1,0,0,0,0,1,3.7,24,55,2,0.2,0.3456
18/04/2017,615,2017,Apr-17,dori,F,14:55,RBM,2,1.05,1604,0,0,0,0,1527.619048,0,0,0,0,1,1,0,0,0,0,1,3.7,24,55,2,0.2,0.3634
18/04/2017,608,2017,Apr-17,panc,M,09:22,RBM,2,1.33,376,0,0,0,0,282.7067669,0,0,0,0,1,1,0,0,0,0,1,3.7,24,55,2,0.2,0.3634
18/04/2017,611,2017,Apr-17,sash,F,13:41,RBM,2,1.16,138,0,0,0,0,118.9655172,0,0,0,0,1,1,0,0,0,0,1,3.7,24,55,2,0.2,0.3634
18/04/2017,610,2017,Apr-17,tear,F,09:35,RST,3,1.08,890,0,10,3,0,824.0740741,0,9.259259259,2.777777778,0,3,1,0,1,1,0,1,3.7,24,55,2,0.2,0.4307
19/04/2017,617,2017,Apr-17,mori,M,12:35,PT,1,0.81,106,0,0,0,0,130.8641975,0,0,0,0,1,1,0,0,0,0,1,2.1,25.8,55,2,0.2,0.3456
19/04/2017,620,2017,Apr-17,shum,F,10:34,PT,1,1.04,0,0,0,0,0,0,0,0,0,0,0,0,0,0,0,0,0,2.1,25.8,55,2,0.2,0.3456
19/04/2017,618,2017,Apr-17,flyn,M,06:55,RBM,2,1.26,1125,0,0,0,0,892.8571429,0,0,0,0,1,1,0,0,0,0,1,2.1,25.8,55,2,0.2,0.3634
19/04/2017,616,2017,Apr-17,lucy,F,12:25,RBM,2,1.02,570,0,0,0,0,558.8235294,0,0,0,0,1,1,0,0,0,0,1,2.1,25.8,55,2,0.2,0.3634
19/04/2017,619,2017,Apr-17,saff,F,13:55,RBM,2,1.19,51,0,4,1,0,42.85714286,0,3.361344538,0.840336134,0,3,1,0,1,1,0,1,2.1,25.8,55,2,0.2,0.3634
19/04/2017,621,2017,Apr-17,laur,F,08:11,RST,3,1.19,10,0,0,0,0,8.403361345,0,0,0,0,1,1,0,0,0,0,1,2.1,25.8,55,2,0.2,0.4307
20/04/2017,624,2017,Apr-17,brie,F,09:25,PT,1,1.37,620,0,3,0,0,452.5547445,0,2.189781022,0,0,2,1,0,1,0,0,1,0.4,25,55,2,0.2,0.3456
20/04/2017,622,2017,Apr-17,lisa,F,14:00,PT,1,1.5,705,0,0,3,0,470,0,0,2,0,2,1,0,0,1,0,1,0.4,25,55,2,0.2,0.3456
20/04/2017,625,2017,Apr-17,arwe,F,14:03,RST,3,1.04,17,0,5,0,0,16.34615385,0,4.807692308,0,0,2,1,0,1,0,0,1,0.4,25,55,2,0.2,0.4307
21/04/2017,630,2017,Apr-17,holl,F,08:25,RBM,2,1.21,28,0,0,0,0,23.14049587,0,0,0,0,1,1,0,0,0,0,1,1,26.3,55,2,0.2,0.3634
21/04/2017,628,2017,Apr-17,bone,M,11:00,RST,3,0.98,22,0,0,0,0,22.44897959,0,0,0,0,1,1,0,0,0,0,1,1,26.3,55,2,0.2,0.4307
21/04/2017,629,2017,Apr-17,cycl,F,06:59,RST,3,0.94,632,0,4,0,0,672.3404255,0,4.255319149,0,0,2,1,0,1,0,0,1,1,26.3,55,2,0.2,0.4307
25/04/2017,633,2017,Apr-17,schm,M,12:26,PT,1,1.05,78,0,0,0,3,74.28571429,0,0,0,2.857142857,2,1,0,0,0,1,1,2.1,22.7,55,2,0.2,0.3456
25/04/2017,631,2017,Apr-17,laya,F,10:28,RST,3,0.96,194,0,0,0,0,202.0833333,0,0,0,0,1,1,0,0,0,0,1,2.1,22.7,55,2,0.2,0.4307
01/05/2017,638,2017,May-17,dodg,M,11:20,PT,1,1.09,68,0,5,0,0,62.3853211,0,4.587155963,0,0,2,1,0,1,0,0,1,11.8,34.9,63,3,1.2,0.3773
01/05/2017,639,2017,May-17,nige,M,16:30,PT,1,1.03,1563,0,0,0,0,1517.475728,0,0,0,0,1,1,0,0,0,0,1,11.8,34.9,63,3,1.2,0.3773
01/05/2017,647,2017,May-17,lucy,F,09:59,RBM,2,0.95,842,0,6,0,0,886.3157895,0,6.315789474,0,0,2,1,0,1,0,0,1,11.8,34.9,63,3,1.2,0.4106
01/05/2017,644,2017,May-17,arwe,F,11:25,RST,3,1.31,91,0,4,0,0,69.46564885,0,3.053435115,0,0,2,1,0,1,0,0,1,11.8,34.9,63,3,1.2,0.4549
01/05/2017,646,2017,May-17,laya,F,08:10,RST,3,1.27,243,0,0,0,0,191.3385827,0,0,0,0,1,1,0,0,0,0,1,11.8,34.9,63,3,1.2,0.4549
01/05/2017,643,2017,May-17,zool,M,09:10,RST,3,1.03,104,0,0,0,0,100.9708738,0,0,0,0,1,1,0,0,0,0,1,11.8,34.9,63,3,1.2,0.4549
02/05/2017,652,2017,May-17,need,F,17:55,PT,1,1.02,38,0,3,0,0,37.25490196,0,2.941176471,0,0,2,1,0,1,0,0,1,16,38.8,63,3,1.2,0.3773
02/05/2017,655,2017,May-17,shum,F,10:10,PT,1,1.37,4,0,0,0,0,2.919708029,0,0,0,0,1,1,0,0,0,0,1,16,38.8,63,3,1.2,0.3773
02/05/2017,656,2017,May-17,tyva,F,11:00,PT,1,1.32,846,0,0,0,0,640.9090909,0,0,0,0,1,1,0,0,0,0,1,16,38.8,63,3,1.2,0.3773
02/05/2017,654,2017,May-17,coco,F,08:40,RBM,2,1.26,1545,0,15,0,0,1226.190476,0,11.9047619,0,0,2,1,0,1,0,0,1,16,38.8,63,3,1.2,0.4106
02/05/2017,660,2017,May-17,dori,F,16:45,RBM,2,0.95,824,0,0,0,0,867.3684211,0,0,0,0,1,1,0,0,0,0,1,16,38.8,63,3,1.2,0.4106
02/05/2017,651,2017,May-17,flyn,M,08:10,RBM,2,1.01,1816,0,0,0,0,1798.019802,0,0,0,0,1,1,0,0,0,0,1,16,38.8,63,3,1.2,0.4106
02/05/2017,653,2017,May-17,holl,F,09:45,RBM,2,0.97,33,0,0,0,0,34.02061856,0,0,0,0,1,1,0,0,0,0,1,16,38.8,63,3,1.2,0.4106
02/05/2017,650,2017,May-17,saff,F,10:35,RBM,2,1.11,208,0,3,4,0,187.3873874,0,2.702702703,3.603603604,0,3,1,0,1,1,0,1,16,38.8,63,3,1.2,0.4106
02/05/2017,649,2017,May-17,cycl,F,14:20,RST,3,1.05,503,0,2,3,0,479.047619,0,1.904761905,2.857142857,0,3,1,0,1,1,0,1,16,38.8,63,3,1.2,0.4549
03/05/2017,669,2017,May-17,mori,M,06:33,PT,1,1.02,1330,0,0,0,0,1303.921569,0,0,0,0,1,1,0,0,0,0,1,12.2,31.5,63,3,1.2,0.3773
03/05/2017,665,2017,May-17,sash,F,07:05,RBM,2,1.21,390,0,4,0,0,322.3140496,0,3.305785124,0,0,2,1,0,1,0,0,1,12.2,31.5,63,3,1.2,0.4106
03/05/2017,661,2017,May-17,bone,M,16:10,RST,3,1.34,85,0,0,0,0,63.43283582,0,0,0,0,1,1,0,0,0,0,1,12.2,31.5,63,3,1.2,0.4549
03/05/2017,667,2017,May-17,tear,F,06:30,RST,3,1.27,772,0,22,0,0,607.8740157,0,17.32283465,0,0,2,1,0,1,0,0,1,12.2,31.5,63,3,1.2,0.4549
03/05/2017,662,2017,May-17,yoda,M,13:40,RST,3,1.32,173,0,5,2,0,131.0606061,0,3.787878788,1.515151515,0,3,1,0,1,1,0,1,12.2,31.5,63,3,1.2,0.4549
04/05/2017,673,2017,May-17,brie,F,07:10,PT,1,1.06,652,0,5,0,0,615.0943396,0,4.716981132,0,0,2,1,0,1,0,0,1,10.6,19,63,3,1.2,0.3773
04/05/2017,670,2017,May-17,lisa,F,09:10,PT,1,1.13,1740,0,0,0,0,1539.823009,0,0,0,0,1,1,0,0,0,0,1,10.6,19,63,3,1.2,0.3773
04/05/2017,674,2017,May-17,schm,M,14:12,PT,1,1.07,804,0,0,0,0,751.4018692,0,0,0,0,1,1,0,0,0,0,1,10.6,19,63,3,1.2,0.3773
04/05/2017,671,2017,May-17,laur,F,12:15,RST,3,1.07,9,0,0,0,0,8.411214953,0,0,0,0,1,1,0,0,0,0,1,10.6,19,63,3,1.2,0.4549
04/05/2017,672,2017,May-17,pris,F,07:58,RST,3,1.23,57,0,0,0,0,46.34146341,0,0,0,0,1,1,0,0,0,0,1,10.6,19,63,3,1.2,0.4549
05/05/2017,677,2017,May-17,panc,M,06:40,RBM,2,1.1,316,0,0,0,0,287.2727273,0,0,0,0,1,1,0,0,0,0,1,10.2,34,63,3,1.2,0.4106
12/05/2017,682,2017,May-17,turt,F,06:58,PT,1,0.93,141,0,0,0,0,151.6129032,0,0,0,0,1,1,0,0,0,0,1,8.6,13.7,63,3,1.2,0.3773
15/05/2017,690,2017,May-17,brie,F,10:15,PT,1,1.05,1059,0,9,0,0,1008.571429,0,8.571428571,0,0,2,1,0,1,0,0,1,1.2,29.9,63,4,0.2,0.3773
15/05/2017,691,2017,May-17,dodg,M,10:10,PT,1,0.99,369,0,6,0,0,372.7272727,0,6.060606061,0,0,2,1,0,1,0,0,1,1.2,29.9,63,4,0.2,0.3773
15/05/2017,692,2017,May-17,nige,M,11:30,PT,1,0.99,1508,0,0,0,0,1523.232323,0,0,0,0,1,1,0,0,0,0,1,1.2,29.9,63,4,0.2,0.3773
15/05/2017,687,2017,May-17,turt,F,16:45,PT,1,1.05,110,0,0,0,0,104.7619048,0,0,0,0,1,1,0,0,0,0,1,1.2,29.9,63,4,0.2,0.3773
15/05/2017,686,2017,May-17,coco,F,09:05,RBM,2,0.96,967,0,2,0,0,1007.291667,0,2.083333333,0,0,2,1,0,1,0,0,1,1.2,29.9,63,4,0.2,0.4106
15/05/2017,684,2017,May-17,flyn,M,16:03,RBM,2,0.96,1384,0,5,0,0,1441.666667,0,5.208333333,0,0,2,1,0,1,0,0,1,1.2,29.9,63,4,0.2,0.4106
15/05/2017,689,2017,May-17,holl,F,09:35,RBM,2,0.9,693,0,0,0,0,770,0,0,0,0,1,1,0,0,0,0,1,1.2,29.9,63,4,0.2,0.4106
16/05/2017,693,2017,May-17,bone,M,09:08,RST,3,0.98,70,0,0,0,0,71.42857143,0,0,0,0,1,1,0,0,0,0,1,8.6,31.9,63,4,0.2,0.3928
16/05/2017,695,2017,May-17,cycl,F,16:02,RST,3,1.02,788,0,4,0,0,772.5490196,0,3.921568627,0,0,2,1,0,1,0,0,1,8.6,31.9,63,4,0.2,0.3928
16/05/2017,694,2017,May-17,laya,F,09:32,RST,3,0.94,340,0,0,0,0,361.7021277,0,0,0,0,1,1,0,0,0,0,1,8.6,31.9,63,4,0.2,0.3928
17/05/2017,701,2017,May-17,lisa,F,10:10,PT,1,1.01,941,0,4,0,0,931.6831683,0,3.96039604,0,0,2,1,0,1,0,0,1,5,31.5,63,4,0.2,0.3375
17/05/2017,703,2017,May-17,mori,M,06:45,PT,1,0.92,1421,0,0,0,0,1544.565217,0,0,0,0,1,1,0,0,0,0,1,5,31.5,63,4,0.2,0.3375
17/05/2017,705,2017,May-17,need,F,09:53,PT,1,1.05,165,0,3,0,0,157.1428571,0,2.857142857,0,0,2,1,0,1,0,0,1,5,31.5,63,4,0.2,0.3375
17/05/2017,707,2017,May-17,shum,F,13:20,PT,1,1.13,0,0,0,0,0,0,0,0,0,0,0,0,0,0,0,0,0,5,31.5,63,4,0.2,0.3375
17/05/2017,704,2017,May-17,tyva,F,11:30,PT,1,1.26,943,0,0,0,0,748.4126984,0,0,0,0,1,1,0,0,0,0,1,5,31.5,63,4,0.2,0.3375
17/05/2017,708,2017,May-17,arwe,F,14:00,RST,3,1.09,215,0,7,0,0,197.2477064,0,6.422018349,0,0,2,1,0,1,0,0,1,5,31.5,63,4,0.2,0.3928
17/05/2017,697,2017,May-17,pris,F,07:20,RST,3,0.99,150,0,0,0,0,151.5151515,0,0,0,0,1,1,0,0,0,0,1,5,31.5,63,4,0.2,0.3928
17/05/2017,696,2017,May-17,yoda,M,10:50,RST,3,1.03,90,0,6,0,0,87.37864078,0,5.825242718,0,0,2,1,0,1,0,0,1,5,31.5,63,4,0.2,0.3928
18/05/2017,710,2017,May-17,zool,M,08:30,RST,3,0.99,312,0,0,0,0,315.1515152,0,0,0,0,1,1,0,0,0,0,1,3.3,31.5,63,4,0.2,0.3928
22/05/2017,712,2017,May-17,laur,F,11:45,RST,3,1.01,13,0,5,0,0,12.87128713,0,4.95049505,0,0,2,1,0,1,0,0,1,16.8,31.1,63,4,0.2,0.3928
23/05/2017,716,2017,May-17,lucy,F,17:33,RBM,2,1.15,1273,0,2,0,0,1106.956522,0,1.739130435,0,0,2,1,0,1,0,0,1,17.5,30.3,63,4,0.2,0.3542
23/05/2017,715,2017,May-17,saff,F,13:40,RBM,2,1.13,0,0,0,0,0,0,0,0,0,0,0,0,0,0,0,0,0,17.5,30.3,63,4,0.2,0.3542
24/05/2017,718,2017,May-17,panc,M,08:59,RBM,2,0.99,400,0,0,0,0,404.040404,0,0,0,0,1,1,0,0,0,0,1,9.8,28.3,63,4,0.2,0.3542
24/05/2017,720,2017,May-17,sash,F,12:40,RBM,2,0.92,1193,0,7,0,0,1296.73913,0,7.608695652,0,0,2,1,0,1,0,0,1,9.8,28.3,63,4,0.2,0.3542
25/05/2017,722,2017,May-17,tear,F,07:00,RST,3,1.08,1580,0,27,0,0,1462.962963,0,25,0,0,2,1,0,1,0,0,1,4.2,27.9,63,4,0.2,0.3928
26/05/2017,725,2017,May-17,schm,M,11:18,PT,1,0.89,629,0,0,0,0,706.741573,0,0,0,0,1,1,0,0,0,0,1,5.4,22.5,63,4,0.2,0.3375
29/05/2017,731,2017,May-17,coco,F,11:24,RBM,2,1.11,858,0,12,0,0,772.972973,0,10.81081081,0,0,2,1,0,1,0,0,1,2.5,28.1,63,5,1,0.3542
29/05/2017,729,2017,May-17,arwe,F,09:55,RST,3,1.1,215,0,6,0,0,195.4545455,0,5.454545455,0,0,2,1,0,1,0,0,1,2.5,28.1,63,5,1,0.3928
29/05/2017,730,2017,May-17,pris,F,14:52,RST,3,0.98,276,0,0,0,0,281.6326531,0,0,0,0,1,1,0,0,0,0,1,2.5,28.1,63,5,1,0.3928
29/05/2017,732,2017,May-17,yoda,M,14:05,RST,3,0.96,105,0,3,0,0,109.375,0,3.125,0,0,2,1,0,1,0,0,1,2.5,28.1,63,5,1,0.3928
30/05/2017,734,2017,May-17,nige,M,13:10,PT,1,1.22,2541,0,0,0,0,2082.786885,0,0,0,0,1,1,0,0,0,0,1,8.6,28.5,63,5,1,0.3375
30/05/2017,735,2017,May-17,schm,M,12:58,PT,1,1.01,700,0,0,0,0,693.0693069,0,0,0,0,1,1,0,0,0,0,1,8.6,28.5,63,5,1,0.3375
30/05/2017,733,2017,May-17,panc,M,08:25,RBM,2,1.06,409,0,0,0,0,385.8490566,0,0,0,0,1,1,0,0,0,0,1,8.6,28.5,63,5,1,0.3542
31/05/2017,739,2017,May-17,mori,M,09:52,PT,1,1.15,2007,0,0,0,0,1745.217391,0,0,0,0,1,1,0,0,0,0,1,15.2,35.5,63,5,1,0.3375
31/05/2017,741,2017,May-17,need,F,13:15,PT,1,1.2,253,0,4,0,0,210.8333333,0,3.333333333,0,0,2,1,0,1,0,0,1,15.2,35.5,63,5,1,0.3375
31/05/2017,740,2017,May-17,yoda,M,9,RST,3,1.09,175,0,4,0,0,160.5504587,0,3.669724771,0,0,2,1,0,1,0,0,1,15.2,35.5,63,5,1,0.3928
01/06/2017,747,2017,Jun-17,laur,F,13:04,RST,3,1,36,0,5,0,0,36,0,5,0,0,2,1,0,1,0,0,1,13.3,33.6,26,5,1,0.3884
01/06/2017,742,2017,Jun-17,tear,F,06:35,RST,3,1.14,842,0,15,0,0,738.5964912,0,13.15789474,0,0,2,1,0,1,0,0,1,13.3,33.6,26,5,1,0.3884
02/06/2017,749,2017,Jun-17,brie,F,12:38,PT,1,1.04,1262,0,9,0,0,1213.461538,0,8.653846154,0,0,2,1,0,1,0,0,1,12,34.6,26,5,1,0.3367
02/06/2017,750,2017,Jun-17,shum,F,06:35,PT,1,0.99,40,0,0,0,0,40.4040404,0,0,0,0,1,1,0,0,0,0,1,12,34.6,26,5,1,0.3367
02/06/2017,752,2017,Jun-17,holl,F,15:13,RBM,2,1.7,78,0,0,0,0,45.88235294,0,0,0,0,1,1,0,0,0,0,1,12,34.6,26,5,1,0.3427
05/06/2017,755,2017,Jun-17,flyn,M,07:52,RBM,2,1.3,3682,0,5,0,0,2832.307692,0,3.846153846,0,0,2,1,0,1,0,0,1,1.4,28.7,26,5,1,0.3427
05/06/2017,759,2017,Jun-17,flyn,M,14:10,RBM,2,0.75,1128,0,2,0,0,1504,0,2.666666667,0,0,2,1,0,1,0,0,1,1.4,28.7,26,5,1,0.3427
05/06/2017,754,2017,Jun-17,zool,M,08:22,RST,3,1.25,1090,0,10,0,0,872,0,8,0,0,2,1,0,1,0,0,1,1.4,28.7,26,5,1,0.3884
06/06/2017,761,2017,Jun-17,schm,M,13:06,PT,1,0.98,865,0,0,0,0,882.6530612,0,0,0,0,1,1,0,0,0,0,1,6,29.7,26,5,1,0.3367
06/06/2017,756,2017,Jun-17,lucy,F,17:02,RBM,2,1.18,1632,0,5,0,0,1383.050847,0,4.237288136,0,0,2,1,0,1,0,0,1,6,29.7,26,5,1,0.3427
07/06/2017,762,2017,Jun-17,cycl,F,15:38,RST,3,1.36,2379,24,8,0,0,1749.264706,17.64705882,5.882352941,0,0,3,1,1,1,0,0,1,8.4,23.8,26,5,1,0.3884
08/06/2017,763,2017,Jun-17,dodg,M,12:51,PT,1,1.13,250,0,5,0,0,221.2389381,0,4.424778761,0,0,2,1,0,1,0,0,1,-0.6,16.6,26,5,1,0.3367
08/06/2017,766,2017,Jun-17,tyva,F,08:30,PT,1,1.19,1101,0,0,0,0,925.210084,0,0,0,0,1,1,0,0,0,0,1,-0.6,16.6,26,5,1,0.3367
08/06/2017,765,2017,Jun-17,laya,F,07:39,RST,3,1.31,1425,0,0,0,0,1087.78626,0,0,0,0,1,1,0,0,0,0,1,-0.6,16.6,26,5,1,0.3884
26/06/2017,771,2017,Jun-17,brie,F,09:17,PT,1,1.22,1204,0,4,0,0,986.8852459,0,3.278688525,0,0,2,1,0,1,0,0,1,-0.6,28.1,26,7,7,0.3325
26/06/2017,769,2017,Jun-17,turt,F,07:44,PT,1,1.29,1734,0,9,0,0,1344.186047,0,6.976744186,0,0,2,1,0,1,0,0,1,-0.6,28.1,26,7,7,0.3325
26/06/2017,767,2017,Jun-17,panc,M,12:07,RBM,2,1.11,310,0,0,0,0,279.2792793,0,0,0,0,1,1,0,0,0,0,1,-0.6,28.1,26,7,7,0.3216
26/06/2017,768,2017,Jun-17,sash,F,14:11,RBM,2,1.26,1086,0,9,0,0,861.9047619,0,7.142857143,0,0,2,1,0,1,0,0,1,-0.6,28.1,26,7,7,0.3216
27/06/2017,775,2017,Jun-17,mori,M,07:55,PT,1,1.02,882,0,0,0,0,864.7058824,0,0,0,0,1,1,0,0,0,0,1,12.2,23.2,26,7,7,0.3325
27/06/2017,773,2017,Jun-17,nige,M,08:17,PT,1,1.28,2601,0,0,0,0,2032.03125,0,0,0,0,1,1,0,0,0,0,1,12.2,23.2,26,7,7,0.3325
27/06/2017,776,2017,Jun-17,coco,F,16:10,RBM,2,1.06,332,0,0,0,0,313.2075472,0,0,0,0,1,1,0,0,0,0,1,12.2,23.2,26,7,7,0.3216
27/06/2017,774,2017,Jun-17,arwe,F,11:08,RST,3,1.1,288,0,0,0,0,261.8181818,0,0,0,0,1,1,0,0,0,0,1,12.2,23.2,26,7,7,0.3564
27/06/2017,777,2017,Jun-17,bone,M,12:49,RST,3,1.18,66,0,0,0,0,55.93220339,0,0,0,0,1,1,0,0,0,0,1,12.2,23.2,26,7,7,0.3564
28/06/2017,778,2017,Jun-17,dori,F,15:28,RBM,2,1.41,1373,0,5,0,0,973.7588652,0,3.546099291,0,0,2,1,0,1,0,0,1,5.2,23.8,26,7,7,0.3216
28/06/2017,780,2017,Jun-17,laur,F,14:15,RST,3,1.16,8,0,0,0,0,6.896551724,0,0,0,0,1,1,0,0,0,0,1,5.2,23.8,26,7,7,0.3564
28/06/2017,779,2017,Jun-17,zool,M,07:05,RST,3,1.13,741,0,6,0,0,655.7522124,0,5.309734513,0,0,2,1,0,1,0,0,1,5.2,23.8,26,7,7,0.3564
03/07/2017,782,2017,Jul-17,schm,M,08:14,PT,1,1.39,678,0,8,0,0,487.7697842,0,5.755395683,0,0,2,1,0,1,0,0,1,2,20.6,53,7,7,0.2903
03/07/2017,781,2017,Jul-17,flyn,M,08:25,RBM,2,1.03,4036,0,0,0,0,3918.446602,0,0,0,0,1,1,0,0,0,0,1,2,20.6,53,7,7,0.3127
04/07/2017,783,2017,Jul-17,tyva,F,13:35,PT,1,1.53,1655,0,5,0,0,1081.699346,0,3.267973856,0,0,2,1,0,1,0,0,1,0.3,26,53,7,7,0.2903
04/07/2017,784,2017,Jul-17,cycl,F,14:42,RST,3,1.27,1440,0,6,0,0,1133.858268,0,4.724409449,0,0,2,1,0,1,0,0,1,0.3,26,53,7,7,0.3286
05/07/2017,785,2017,Jul-17,need,F,11:10,PT,1,1.08,279,0,0,0,0,258.3333333,0,0,0,0,1,1,0,0,0,0,1,1.2,29.1,53,7,7,0.2903
06/07/2017,786,2017,Jul-17,pris,F,12:40,RST,3,1.36,1854,0,0,0,0,1363.235294,0,0,0,0,1,1,0,0,0,0,1,12.2,30.7,53,7,7,0.3286
06/07/2017,787,2017,Jul-17,tear,F,13:00,RST,3,1.09,2118,0,51,0,0,1943.119266,0,46.78899083,0,0,2,1,0,1,0,0,1,12.2,30.7,53,7,7,0.3286
07/07/2017,789,2017,Jul-17,dodg,M,10:50,PT,1,1.12,247,0,0,0,0,220.5357143,0,0,0,0,1,1,0,0,0,0,1,11.8,30.7,53,7,7,0.2903
07/07/2017,790,2017,Jul-17,holl,F,13:55,RBM,2,1.2,225,0,0,0,0,187.5,0,0,0,0,1,1,0,0,0,0,1,11.8,30.7,53,7,7,0.3127
07/07/2017,788,2017,Jul-17,laya,F,14:05,RST,3,1.04,945,0,0,0,0,908.6538462,0,0,0,0,1,1,0,0,0,0,1,11.8,30.7,53,7,7,0.3286
10/07/2017,791,2017,Jul-17,bone,M,09:27,RST,3,1.18,193,0,0,0,0,163.559322,0,0,0,0,1,1,0,0,0,0,1,1.2,19,53,8,15,0.3286
11/07/2017,792,2017,Jul-17,schm,M,17:01,PT,1,1.21,284,0,7,0,0,234.7107438,0,5.785123967,0,0,2,1,0,1,0,0,1,-2,20.2,53,8,15,0.2903
12/07/2017,793,2017,Jul-17,laya,F,07:49,RST,3,1.27,1295,0,0,0,0,1019.685039,0,0,0,0,1,1,0,0,0,0,1,-3.9,21.3,53,8,15,0.3286
13/07/2017,794,2017,Jul-17,brie,F,13:44,PT,1,1.37,1083,0,6,0,0,790.5109489,0,4.379562044,0,0,2,1,0,1,0,0,1,-1.1,22.5,53,8,15,0.2903
13/07/2017,796,2017,Jul-17,lisa,F,11:26,PT,1,1.15,630,0,8,0,0,547.826087,0,6.956521739,0,0,2,1,0,1,0,0,1,-1.1,22.5,53,8,15,0.2903
13/07/2017,795,2017,Jul-17,nige,M,07:30,PT,1,1.21,3148,0,0,0,0,2601.652893,0,0,0,0,1,1,0,0,0,0,1,-1.1,22.5,53,8,15,0.2903
13/07/2017,798,2017,Jul-17,lucy,F,12:15,RBM,2,1.07,1972,0,0,0,0,1842.990654,0,0,0,0,1,1,0,0,0,0,1,-1.1,22.5,53,8,15,0.3127
13/07/2017,799,2017,Jul-17,panc,M,08:55,RBM,2,1.2,438,0,0,0,0,365,0,0,0,0,1,1,0,0,0,0,1,-1.1,22.5,53,8,15,0.3127
13/07/2017,797,2017,Jul-17,saff,F,12:33,RBM,2,1.26,36,0,0,0,0,28.57142857,0,0,0,0,1,1,0,0,0,0,1,-1.1,22.5,53,8,15,0.3127
14/07/2017,801,2017,Jul-17,mori,M,13:25,PT,1,1.32,1435,0,0,0,0,1087.121212,0,0,0,0,1,1,0,0,0,0,1,-1.5,19.4,53,8,15,0.2903
14/07/2017,800,2017,Jul-17,sash,F,07:18,RBM,2,1.01,1458,0,6,0,0,1443.564356,0,5.940594059,0,0,2,1,0,1,0,0,1,-1.5,19.4,53,8,15,0.3127
17/07/2017,803,2017,Jul-17,dodg,M,07:51,PT,1,1.46,687,0,0,0,0,470.5479452,0,0,0,0,1,1,0,0,0,0,1,-2.4,21.3,53,8,15,0.2729
17/07/2017,804,2017,Jul-17,shum,F,07:50,PT,1,1.38,48,0,0,0,0,34.7826087,0,0,0,0,1,1,0,0,0,0,1,-2.4,21.3,53,8,15,0.2729
17/07/2017,802,2017,Jul-17,flyn,M,09:30,RBM,2,1.21,130,0,0,0,0,107.4380165,0,0,0,0,1,1,0,0,0,0,1,-2.4,21.3,53,8,15,0.286
18/07/2017,805,2017,Jul-17,coco,F,11:41,RBM,2,1.44,1820,0,7,0,0,1263.888889,0,4.861111111,0,0,2,1,0,1,0,0,1,2.9,27.9,53,8,15,0.286
18/07/2017,806,2017,Jul-17,laur,F,13:28,RST,3,1.46,15,0,0,0,0,10.2739726,0,0,0,0,1,1,0,0,0,0,1,2.9,27.9,53,8,15,0.307
18/07/2017,807,2017,Jul-17,zool,M,11:26,RST,3,1.16,231,0,8,0,0,199.137931,0,6.896551724,0,0,2,1,0,1,0,0,1,2.9,27.9,53,8,15,0.307
19/07/2017,810,2017,Jul-17,dori,F,06:50,RBM,2,1.16,1449,0,6,3,0,1249.137931,0,5.172413793,2.586206897,0,3,1,0,1,1,0,1,-0.6,28.3,53,8,15,0.286
19/07/2017,809,2017,Jul-17,arwe,F,13:28,RST,3,1.02,168,0,0,0,0,164.7058824,0,0,0,0,1,1,0,0,0,0,1,-0.6,28.3,53,8,15,0.307
19/07/2017,808,2017,Jul-17,tear,F,13:43,RST,3,1.75,2415,0,30,0,0,1380,0,17.14285714,0,0,2,1,0,1,0,0,1,-0.6,28.3,53,8,15,0.307
24/07/2017,815,2017,Jul-17,mori,M,09:45,PT,1,1.31,1575,0,0,0,0,1202.290076,0,0,0,0,1,1,0,0,0,0,1,-0.6,29.1,53,9,0,0.2729
24/07/2017,812,2017,Jul-17,coco,F,10:08,RBM,2,1.12,1754,0,9,3,0,1566.071429,0,8.035714286,2.678571429,0,3,1,0,1,1,0,1,-0.6,29.1,53,9,0,0.286
24/07/2017,814,2017,Jul-17,dori,F,17:45,RBM,2,1.08,2940,0,4,0,5,2722.222222,0,3.703703704,0,4.62962963,3,1,0,1,0,1,1,-0.6,29.1,53,9,0,0.286
24/07/2017,811,2017,Jul-17,flyn,M,09:15,RBM,2,1.05,998,0,0,0,0,950.4761905,0,0,0,0,1,1,0,0,0,0,1,-0.6,29.1,53,9,0,0.286
24/07/2017,813,2017,Jul-17,laya,F,11:55,RST,3,1.16,1228,0,0,0,0,1058.62069,0,0,0,0,1,1,0,0,0,0,1,-0.6,29.1,53,9,0,0.307
25/07/2017,816,2017,Jul-17,shum,F,10:27,PT,1,1.53,77,0,0,0,0,50.32679739,0,0,0,0,1,1,0,0,0,0,1,7.8,29.1,53,9,0,0.2729
25/07/2017,818,2017,Jul-17,turt,F,13:24,PT,1,1.34,555,0,3,0,0,414.1791045,0,2.23880597,0,0,2,1,0,1,0,0,1,7.8,29.1,53,9,0,0.2729
25/07/2017,817,2017,Jul-17,tyva,F,13:09,PT,1,1.3,1727,0,2,0,0,1328.461538,0,1.538461538,0,0,2,1,0,1,0,0,1,7.8,29.1,53,9,0,0.2729
25/07/2017,820,2017,Jul-17,holl,F,12:38,RBM,2,1.24,200,0,0,0,0,161.2903226,0,0,0,0,1,1,0,0,0,0,1,7.8,29.1,53,9,0,0.286
25/07/2017,821,2017,Jul-17,lucy,F,13:31,RBM,2,1.1,2327,0,0,0,0,2115.454545,0,0,0,0,1,1,0,0,0,0,1,7.8,29.1,53,9,0,0.286
25/07/2017,822,2017,Jul-17,panc,M,13:02,RBM,2,1.1,45,0,0,0,0,40.90909091,0,0,0,0,1,1,0,0,0,0,1,7.8,29.1,53,9,0,0.286
25/07/2017,819,2017,Jul-17,sash,F,12:28,RBM,2,1.11,476,0,5,0,0,428.8288288,0,4.504504505,0,0,2,1,0,1,0,0,1,7.8,29.1,53,9,0,0.286
26/07/2017,827,2017,Jul-17,nige,M,13:10,PT,1,1.11,1956,0,0,0,0,1762.162162,0,0,0,0,1,1,0,0,0,0,1,2.5,22.5,53,9,0,0.2729
26/07/2017,826,2017,Jul-17,schm,M,13:30,PT,1,1.28,466,4,0,0,0,364.0625,3.125,0,0,0,2,1,1,0,0,0,1,2.5,22.5,53,9,0,0.2729
26/07/2017,828,2017,Jul-17,saff,F,11:09,RBM,2,1.26,43,0,0,0,0,34.12698413,0,0,0,0,1,1,0,0,0,0,1,2.5,22.5,53,9,0,0.286
26/07/2017,825,2017,Jul-17,bone,M,14:35,RST,3,1.05,191,0,0,1,0,181.9047619,0,0,0.952380952,0,2,1,0,0,1,0,1,2.5,22.5,53,9,0,0.307
26/07/2017,823,2017,Jul-17,pris,F,14:52,RST,3,1.44,1941,0,5,0,0,1347.916667,0,3.472222222,0,0,2,1,0,1,0,0,1,2.5,22.5,53,9,0,0.307
26/07/2017,824,2017,Jul-17,zool,M,09:00,RST,3,1,357,0,9,0,0,357,0,9,0,0,2,1,0,1,0,0,1,2.5,22.5,53,9,0,0.307
27/07/2017,829,2017,Jul-17,brie,F,14:48,PT,1,1.03,1955,0,2,0,4,1898.058252,0,1.941747573,0,3.883495146,3,1,0,1,0,1,1,1.2,28.7,53,9,0,0.2729
28/07/2017,830,2017,Jul-17,arwe,F,13:59,RST,3,1.1,84,0,0,0,0,76.36363636,0,0,0,0,1,1,0,0,0,0,1,2.9,29.5,53,9,0,0.307
31/07/2017,832,2017,Jul-17,brie,F,10:57,PT,1,1.2,2024,0,8,0,0,1686.666667,0,6.666666667,0,0,2,1,0,1,0,0,1,2.5,28.3,53,9,0,0.2729
31/07/2017,831,2017,Jul-17,need,F,14:56,PT,1,1.08,142,0,5,0,0,131.4814815,0,4.62962963,0,0,2,1,0,1,0,0,1,2.5,28.3,53,9,0,0.2729
31/07/2017,834,2017,Jul-17,tear,F,07:25,RST,3,1.15,1206,0,23,0,5,1048.695652,0,20,0,4.347826087,3,1,0,1,0,1,1,2.5,28.3,53,9,0,0.307
01/08/2017,833,2017,Aug-17,cycl,F,12:15,RST,3,1.2,1461,0,6,3,0,1217.5,0,5,2.5,0,3,1,0,1,1,0,1,8.2,27.9,45,9,0,0.3463
03/08/2017,835,2017,Aug-17,yoda,M,08:31,RST,3,1.03,195,0,5,0,0,189.3203883,0,4.854368932,0,0,2,1,0,1,0,0,1,-0.2,28.3,45,9,0,0.3463
04/08/2017,836,2017,Aug-17,laur,F,13:25,RST,3,1.1,65,0,7,0,0,59.09090909,0,6.363636364,0,0,2,1,0,1,0,0,1,1.2,24.4,45,9,0,0.3463
08/08/2017,842,2017,Aug-17,need,F,07:22,PT,1,1.01,429,0,0,0,0,424.7524752,0,0,0,0,1,1,0,0,0,0,1,-1.1,24,45,10,10,0.3038
08/08/2017,841,2017,Aug-17,coco,F,15:49,RBM,2,1.01,2929,0,17,0,0,2900,0,16.83168317,0,0,2,1,0,1,0,0,1,-1.1,24,45,10,10,0.314
08/08/2017,840,2017,Aug-17,flyn,M,11:59,RBM,2,1,3684,0,0,0,0,3684,0,0,0,0,1,1,0,0,0,0,1,-1.1,24,45,10,10,0.314
08/08/2017,837,2017,Aug-17,lucy,F,14:34,RBM,2,1.13,6601,0,20,0,0,5841.59292,0,17.69911504,0,0,2,1,0,1,0,0,1,-1.1,24,45,10,10,0.314
08/08/2017,838,2017,Aug-17,sash,F,14:41,RBM,2,1.03,770,0,5,0,0,747.5728155,0,4.854368932,0,0,2,1,0,1,0,0,1,-1.1,24,45,10,10,0.314
08/08/2017,839,2017,Aug-17,zool,M,11:30,RST,3,1.02,432,0,0,0,0,423.5294118,0,0,0,0,1,1,0,0,0,0,1,-1.1,24,45,10,10,0.3463
09/08/2017,844,2017,Aug-17,bone,M,14:02,RST,3,1.12,482,0,0,0,0,430.3571429,0,0,0,0,1,1,0,0,0,0,1,3.3,31.1,45,10,10,0.3463
09/08/2017,843,2017,Aug-17,yoda,M,11:02,RST,3,1.01,368,0,7,0,0,364.3564356,0,6.930693069,0,0,2,1,0,1,0,0,1,3.3,31.1,45,10,10,0.3463
10/08/2017,846,2017,Aug-17,saff,F,15:17,RBM,2,1.14,171,0,0,0,0,150,0,0,0,0,1,1,0,0,0,0,1,5,30.7,45,10,10,0.314
10/08/2017,845,2017,Aug-17,cycl,F,12:34,RST,3,1.12,3675,0,3,0,0,3281.25,0,2.678571429,0,0,2,1,0,1,0,0,1,5,30.7,45,10,10,0.3463
10/08/2017,847,2017,Aug-17,laur,F,11:28,RST,3,1.17,67,0,0,0,0,57.26495726,0,0,0,0,1,1,0,0,0,0,1,5,30.7,45,10,10,0.3463
11/08/2017,851,2017,Aug-17,brie,F,08:55,PT,1,1.18,2813,0,7,0,0,2383.898305,0,5.93220339,0,0,2,1,0,1,0,0,1,6.2,27.9,45,10,10,0.3038
11/08/2017,848,2017,Aug-17,mori,M,17:05,PT,1,1.38,1132,0,0,0,0,820.2898551,0,0,0,0,1,1,0,0,0,0,1,6.2,27.9,45,10,10,0.3038
11/08/2017,852,2017,Aug-17,nige,M,09:20,PT,1,1.19,2096,0,0,0,0,1761.344538,0,0,0,0,1,1,0,0,0,0,1,6.2,27.9,45,10,10,0.3038
11/08/2017,849,2017,Aug-17,tyva,F,08:00,PT,1,1.23,2464,0,9,0,0,2003.252033,0,7.317073171,0,0,2,1,0,1,0,0,1,6.2,27.9,45,10,10,0.3038
11/08/2017,850,2017,Aug-17,pris,F,13:35,RST,3,1.04,1523,0,3,0,0,1464.423077,0,2.884615385,0,0,2,1,0,1,0,0,1,6.2,27.9,45,10,10,0.3463
12/08/2017,853,2017,Aug-17,lisa,F,09:33,PT,1,1.04,1869,0,0,0,0,1797.115385,0,0,0,0,1,1,0,0,0,0,1,1.2,21.7,45,10,10,0.3038
14/08/2017,854,2017,Aug-17,shum,F,15:57,PT,1,1.07,42,0,0,0,0,39.25233645,0,0,0,0,1,1,0,0,0,0,1,0.3,25.6,45,10,10,0.3038
14/08/2017,856,2017,Aug-17,arwe,F,14:06,RST,3,1.07,1007,0,0,0,0,941.1214953,0,0,0,0,1,1,0,0,0,0,1,0.3,25.6,45,10,10,0.3463
15/08/2017,855,2017,Aug-17,panc,M,12:07,RBM,2,1.27,462,0,0,0,0,363.7795276,0,0,0,0,1,1,0,0,0,0,1,4.2,27.5,45,10,10,0.314
16/08/2017,858,2017,Aug-17,dodg,M,06:51,PT,1,1.03,192,0,0,0,0,186.407767,0,0,0,0,1,1,0,0,0,0,1,1.6,11.8,45,10,10,0.2737
16/08/2017,857,2017,Aug-17,holl,F,11:09,RBM,2,1.51,493,0,0,0,0,326.4900662,0,0,0,0,1,1,0,0,0,0,1,1.6,11.8,45,10,10,0.2809
16/08/2017,860,2017,Aug-17,laya,F,12:35,RST,3,1.2,1347,0,0,0,0,1122.5,0,0,0,0,1,1,0,0,0,0,1,1.6,11.8,45,10,10,0.3081
20/08/2017,865,2017,Aug-17,tear,F,13:15,RST,3,1.22,3138,8,11,0,7,2572.131148,6.557377049,9.016393443,0,5.737704918,4,1,1,1,0,1,1,3,25,45,11,5,0.3081
21/08/2017,863,2017,Aug-17,nige,M,12:15,PT,1,1.28,1603,0,0,0,0,1252.34375,0,0,0,0,1,1,0,0,0,0,1,13,27,45,11,5,0.2737
21/08/2017,864,2017,Aug-17,schm,M,14:26,PT,1,1.08,479,0,0,0,0,443.5185185,0,0,0,0,1,1,0,0,0,0,1,13,27,45,11,5,0.2737
21/08/2017,862,2017,Aug-17,turt,F,08:25,PT,1,1.37,1017,0,0,0,0,742.3357664,0,0,0,0,1,1,0,0,0,0,1,13,27,45,11,5,0.2737
21/08/2017,861,2017,Aug-17,coco,F,11:28,RBM,2,1.09,1443,0,8,0,0,1323.853211,0,7.339449541,0,0,2,1,0,1,0,0,1,13,27,45,11,5,0.2809
22/08/2017,867,2017,Aug-17,brie,F,16:00,PT,1,1.19,2049,0,6,0,0,1721.848739,0,5.042016807,0,0,2,1,0,1,0,0,1,2,15,45,11,5,0.2737
22/08/2017,866,2017,Aug-17,need,F,08:14,PT,1,1,371,0,0,0,0,371,0,0,0,0,1,1,0,0,0,0,1,2,15,45,11,5,0.2737
22/08/2017,868,2017,Aug-17,yoda,M,15:54,RST,3,1.14,200,0,8,0,0,175.4385965,0,7.01754386,0,0,2,1,0,1,0,0,1,2,15,45,11,5,0.3081
23/08/2017,870,2017,Aug-17,laya,F,08:39,RST,3,1.14,1092,0,0,0,0,957.8947368,0,0,0,0,1,1,0,0,0,0,1,-1,20,45,11,5,0.3081
23/08/2017,869,2017,Aug-17,pris,F,13:04,RST,3,1.05,1606,0,0,0,0,1529.52381,0,0,0,0,1,1,0,0,0,0,1,-1,20,45,11,5,0.3081
24/08/2017,872,2017,Aug-17,flyn,M,15:00,RBM,2,1.44,2109,0,0,0,0,1464.583333,0,0,0,0,1,1,0,0,0,0,1,2,13,45,11,5,0.2809
24/08/2017,871,2017,Aug-17,holl,F,06:45,RBM,2,1.31,283,0,0,0,0,216.0305344,0,0,0,0,1,1,0,0,0,0,1,2,13,45,11,5,0.2809
25/08/2017,873,2017,Aug-17,dodg,M,06:35,PT,1,1.03,859,0,0,0,0,833.9805825,0,0,0,0,1,1,0,0,0,0,1,-1,15,45,11,5,0.2737
25/08/2017,874,2017,Aug-17,bone,M,15:09,RST,3,1.08,414,0,0,0,0,383.3333333,0,0,0,0,1,1,0,0,0,0,1,-1,15,45,11,5,0.3081
25/08/2017,875,2017,Aug-17,laur,F,07:25,RST,3,1,108,0,0,0,0,108,0,0,0,0,1,1,0,0,0,0,1,-1,15,45,11,5,0.3081
31/08/2017,876,2017,Aug-17,tyva,F,06:39,PT,1,1.09,2739,3,0,0,0,2512.844037,2.752293578,0,0,0,2,1,1,0,0,0,1,1,22,45,11,5,0.2737
31/08/2017,877,2017,Aug-17,panc,M,06:50,RBM,2,1.59,468,0,0,0,0,294.3396226,0,0,0,0,1,1,0,0,0,0,1,1,22,45,11,5,0.2809
31/08/2017,879,2017,Aug-17,sash,F,09:40,RBM,2,1.06,642,3,6,0,0,605.6603774,2.830188679,5.660377358,0,0,3,1,1,1,0,0,1,1,22,45,11,5,0.2809
31/08/2017,878,2017,Aug-17,arwe,F,06:30,RST,3,1.25,895,0,0,0,0,716,0,0,0,0,1,1,0,0,0,0,1,1,22,45,11,5,0.3081
01/09/2017,881,2017,Sep-17,mori,M,13:19,PT,1,1.09,2250,0,0,0,0,2064.220183,0,0,0,0,1,1,0,0,0,0,1,1,20,54,11,5,0.2981
01/09/2017,880,2017,Sep-17,zool,M,06:33,RST,3,1.09,1554,0,0,0,0,1425.688073,0,0,0,0,1,1,0,0,0,0,1,1,20,54,11,5,0.3184
03/09/2017,884,2017,Sep-17,lisa,F,09:55,PT,1,1.02,2940,0,0,0,0,2882.352941,0,0,0,0,1,1,0,0,0,0,1,2,27.5,54,12,0,0.2981
03/09/2017,883,2017,Sep-17,shum,F,06:30,PT,1,1.26,2028,0,0,0,0,1609.52381,0,0,0,0,1,1,0,0,0,0,1,2,27.5,54,12,0,0.2981
03/09/2017,885,2017,Sep-17,dori,F,09:06,RBM,2,1.07,3619,0,8,0,0,3382.242991,0,7.476635514,0,0,2,1,0,1,0,0,1,2,27.5,54,12,0,0.3057
04/09/2017,887,2017,Sep-17,need,F,08:33,PT,1,1.14,1717,0,7,0,0,1506.140351,0,6.140350877,0,0,2,1,0,1,0,0,1,1.6,34,54,12,0,0.2981
04/09/2017,888,2017,Sep-17,turt,F,13:18,PT,1,1.22,1859,0,0,0,0,1523.770492,0,0,0,0,1,1,0,0,0,0,1,1.6,34,54,12,0,0.2981
04/09/2017,890,2017,Sep-17,tyva,F,15:01,PT,1,1.07,3720,0,0,0,0,3476.635514,0,0,0,0,1,1,0,0,0,0,1,1.6,34,54,12,0,0.2981
04/09/2017,889,2017,Sep-17,panc,M,12:03,RBM,2,1.18,295,0,0,0,0,250,0,0,0,0,1,1,0,0,0,0,1,1.6,34,54,12,0,0.3057
04/09/2017,886,2017,Sep-17,arwe,F,13:30,RST,3,1.05,1339,0,0,0,0,1275.238095,0,0,0,0,1,1,0,0,0,0,1,1.6,34,54,12,0,0.3184
06/09/2017,892,2017,Sep-17,nige,M,09:48,PT,1,1,3653,0,0,0,0,3653,0,0,0,0,1,1,0,0,0,0,1,8.2,28.7,54,12,0,0.2981
06/09/2017,894,2017,Sep-17,schm,M,15:24,PT,1,1.03,1138,0,0,0,0,1104.854369,0,0,0,0,1,1,0,0,0,0,1,8.2,28.7,54,12,0,0.2981
06/09/2017,896,2017,Sep-17,coco,F,09:15,RBM,2,1.02,975,0,7,0,0,955.8823529,0,6.862745098,0,0,2,1,0,1,0,0,1,8.2,28.7,54,12,0,0.3057
06/09/2017,891,2017,Sep-17,dori,F,09:08,RBM,2,1.08,4730,0,9,0,0,4379.62963,0,8.333333333,0,0,2,1,0,1,0,0,1,8.2,28.7,54,12,0,0.3057
06/09/2017,895,2017,Sep-17,holl,F,08:44,RBM,2,1.16,300,0,0,0,0,258.6206897,0,0,0,0,1,1,0,0,0,0,1,8.2,28.7,54,12,0,0.3057
07/09/2017,899,2017,Sep-17,mori,M,11:30,PT,1,1.16,1359,0,0,0,0,1171.551724,0,0,0,0,1,1,0,0,0,0,1,9.8,34,54,12,0,0.2981
07/09/2017,900,2017,Sep-17,shum,F,12:33,PT,1,1.02,862,0,0,0,0,845.0980392,0,0,0,0,1,1,0,0,0,0,1,9.8,34,54,12,0,0.2981
07/09/2017,897,2017,Sep-17,sash,F,11:19,RBM,2,1.16,1136,0,0,0,0,979.3103448,0,0,0,0,1,1,0,0,0,0,1,9.8,34,54,12,0,0.3057
07/09/2017,898,2017,Sep-17,laya,F,09:52,RST,3,1.05,2283,0,0,0,0,2174.285714,0,0,0,0,1,1,0,0,0,0,1,9.8,34,54,12,0,0.3184
07/09/2017,901,2017,Sep-17,pris,F,10:06,RST,3,1.23,2895,0,0,0,0,2353.658537,0,0,0,0,1,1,0,0,0,0,1,9.8,34,54,12,0,0.3184
08/09/2017,903,2017,Sep-17,lucy,F,08:30,RBM,2,1.27,6741,0,18,11,0,5307.874016,0,14.17322835,8.661417323,0,3,1,0,1,1,0,1,5,33.2,54,12,0,0.3057
08/09/2017,904,2017,Sep-17,saff,F,09:43,RBM,2,1.05,189,0,0,0,0,180,0,0,0,0,1,1,0,0,0,0,1,5,33.2,54,12,0,0.3057
08/09/2017,902,2017,Sep-17,yoda,M,10:28,RST,3,1.05,462,0,0,0,0,440,0,0,0,0,1,1,0,0,0,0,1,5,33.2,54,12,0,0.3184
11/09/2017,907,2017,Sep-17,brie,F,12:00,PT,1,1.07,3570,0,0,0,0,3336.448598,0,0,0,0,1,1,0,0,0,0,1,5.8,36.6,54,12,0,0.2981
11/09/2017,908,2017,Sep-17,saff,F,12:00,RBM,2,1.3,300,0,0,0,0,230.7692308,0,0,0,0,1,1,0,0,0,0,1,5.8,36.6,54,12,0,0.3057
11/09/2017,906,2017,Sep-17,tear,F,09:45,RST,3,1.06,2150,0,17,0,9,2028.301887,0,16.03773585,0,8.490566038,3,1,0,1,0,1,1,5.8,36.6,54,12,0,0.3184
12/09/2017,910,2017,Sep-17,bone,M,16:49,RST,3,1,974,0,0,0,0,974,0,0,0,0,1,1,0,0,0,0,1,11,34.9,54,12,0,0.3184
12/09/2017,909,2017,Sep-17,cycl,F,13:02,RST,3,1.11,2739,0,2,0,0,2467.567568,0,1.801801802,0,0,2,1,0,1,0,0,1,11,34.9,54,12,0,0.3184
13/09/2017,911,2017,Sep-17,laur,F,07:14,RST,3,1.04,273,0,0,0,0,262.5,0,0,0,0,1,1,0,0,0,0,1,8.6,29.9,54,12,0,0.3184
14/09/2017,913,2017,Sep-17,dodg,M,08:14,PT,1,1.04,1938,0,0,0,0,1863.461538,0,0,0,0,1,1,0,0,0,0,1,7.8,21,54,12,0,0.2981
14/09/2017,912,2017,Sep-17,lisa,F,07:14,PT,1,1.32,1082,0,0,0,0,819.6969697,0,0,0,0,1,1,0,0,0,0,1,7.8,21,54,12,0,0.2981
14/09/2017,914,2017,Sep-17,flyn,M,10:55,RBM,2,1.16,2905,0,0,0,0,2504.310345,0,0,0,0,1,1,0,0,0,0,1,7.8,21,54,12,0,0.3057
18/09/2017,917,2017,Sep-17,nige,M,15:55,PT,1,1.37,2249,0,0,0,0,1641.605839,0,0,0,0,1,1,0,0,0,0,1,7.4,28.3,54,13,34,0.3745
18/09/2017,916,2017,Sep-17,saff,F,13:46,RBM,2,1.04,168,0,0,0,0,161.5384615,0,0,0,0,1,1,0,0,0,0,1,7.4,28.3,54,13,34,0.3773
18/09/2017,915,2017,Sep-17,pris,F,14:10,RST,3,1.01,2568,0,0,0,0,2542.574257,0,0,0,0,1,1,0,0,0,0,1,7.4,28.3,54,13,34,0.4111
18/09/2017,919,2017,Sep-17,yoda,M,11:00,RST,3,1.07,891,0,0,0,0,832.7102804,0,0,0,0,1,1,0,0,0,0,1,7.4,28.3,54,13,34,0.4111
18/09/2017,918,2017,Sep-17,zool,M,15:55,RST,3,1,272,0,0,0,0,272,0,0,0,0,1,1,0,0,0,0,1,7.4,28.3,54,13,34,0.4111
19/09/2017,923,2017,Sep-17,lisa,F,13:00,PT,1,1.01,990,0,0,0,0,980.1980198,0,0,0,0,1,1,0,0,0,0,1,8.2,27.5,54,13,34,0.3745
19/09/2017,922,2017,Sep-17,flyn,M,14:18,RBM,2,1.13,2200,0,0,0,0,1946.902655,0,0,0,0,1,1,0,0,0,0,1,8.2,27.5,54,13,34,0.3773
19/09/2017,921,2017,Sep-17,panc,M,13:45,RBM,2,1,249,0,0,0,0,249,0,0,0,0,1,1,0,0,0,0,1,8.2,27.5,54,13,34,0.3773
20/09/2017,925,2017,Sep-17,mori,M,08:21,PT,1,1.23,1983,0,0,0,0,1612.195122,0,0,0,0,1,1,0,0,0,0,1,9.4,26.7,54,13,34,0.3745
20/09/2017,924,2017,Sep-17,coco,F,08:40,RBM,2,1.05,311,0,0,0,0,296.1904762,0,0,0,0,1,1,0,0,0,0,1,9.4,26.7,54,13,34,0.3773
21/09/2017,929,2017,Sep-17,schm,M,,PT,1,1.26,1038,0,0,0,0,823.8095238,0,0,0,0,1,1,0,0,0,0,1,7.8,34.4,54,13,34,0.3745
21/09/2017,928,2017,Sep-17,holl,F,07:55,RBM,2,1.02,231,0,0,0,0,226.4705882,0,0,0,0,1,1,0,0,0,0,1,7.8,34.4,54,13,34,0.3773
21/09/2017,927,2017,Sep-17,bone,M,10:15,RST,3,1.03,480,0,0,0,0,466.0194175,0,0,0,0,1,1,0,0,0,0,1,7.8,34.4,54,13,34,0.4111
22/09/2017,930,2017,Sep-17,need,F,06:25,PT,1,1.21,625,0,0,0,0,516.5289256,0,0,0,0,1,1,0,0,0,0,1,12.9,28.7,54,13,34,0.3745
22/09/2017,931,2017,Sep-17,turt,F,11:32,PT,1,1.19,1146,0,0,0,0,963.0252101,0,0,0,0,1,1,0,0,0,0,1,12.9,28.7,54,13,34,0.3745
25/09/2017,932,2017,Sep-17,tyva,F,13:01,PT,1,1.2,3135,0,9,0,0,2612.5,0,7.5,0,0,2,1,0,1,0,0,1,7,29.1,54,13,34,0.3745
25/09/2017,933,2017,Sep-17,lucy,F,08:25,RBM,2,1.11,864,0,0,0,0,778.3783784,0,0,0,0,1,1,0,0,0,0,1,7,29.1,54,13,34,0.3773
27/09/2017,935,2017,Sep-17,dodg,M,06:22,PT,1,1.11,1105,0,0,0,0,995.4954955,0,0,0,0,1,1,0,0,0,0,1,1.6,24,54,13,34,0.3745
27/09/2017,934,2017,Sep-17,dori,F,13:13,RBM,2,1.01,4350,0,0,0,0,4306.930693,0,0,0,0,1,1,0,0,0,0,1,1.6,24,54,13,34,0.3773
28/09/2017,938,2017,Sep-17,sash,F,06:20,RBM,2,1.07,604,0,0,0,0,564.4859813,0,0,0,0,1,1,0,0,0,0,1,1.6,30.7,54,13,34,0.3773
28/09/2017,937,2017,Sep-17,laur,F,08:24,RST,3,1.12,131,0,0,0,0,116.9642857,0,0,0,0,1,1,0,0,0,0,1,1.6,30.7,54,13,34,0.4111
28/09/2017,936,2017,Sep-17,laya,F,06:14,RST,3,1.03,2463,0,0,0,0,2391.262136,0,0,0,0,1,1,0,0,0,0,1,1.6,30.7,54,13,34,0.4111
02/10/2017,939,2017,Oct-17,mori,M,14:50,PT,1,1.01,759,0,0,0,0,751.4851485,0,0,0,0,1,1,0,0,0,0,1,13.7,35.7,60,14,67,0.4165
02/10/2017,940,2017,Oct-17,bone,M,08:57,RST,3,1.21,756,0,0,0,0,624.7933884,0,0,0,0,1,1,0,0,0,0,1,13.7,35.7,60,14,67,0.45
05/10/2017,942,2017,Oct-17,need,F,06:05,PT,1,1.27,13,0,0,0,0,10.23622047,0,0,0,0,1,1,0,0,0,0,1,6.6,22.9,60,14,67,0.4165
05/10/2017,948,2017,Oct-17,nige,M,07:31,PT,1,1.32,1751,0,7,0,0,1326.515152,0,5.303030303,0,0,2,1,0,1,0,0,1,6.6,22.9,60,14,67,0.4165
05/10/2017,946,2017,Oct-17,shum,F,07:35,PT,1,1.39,525,0,0,0,0,377.6978417,0,0,0,0,1,1,0,0,0,0,1,6.6,22.9,60,14,67,0.4165
05/10/2017,949,2017,Oct-17,coco,F,15:35,RBM,2,1.5,940,0,0,0,0,626.6666667,0,0,0,0,1,1,0,0,0,0,1,6.6,22.9,60,14,67,0.4174
05/10/2017,950,2017,Oct-17,dori,F,10:20,RBM,2,1.05,3111,0,0,0,0,2962.857143,0,0,0,0,1,1,0,0,0,0,1,6.6,22.9,60,14,67,0.4174
05/10/2017,945,2017,Oct-17,holl,F,09:20,RBM,2,1.07,530,0,0,0,0,495.3271028,0,0,0,0,1,1,0,0,0,0,1,6.6,22.9,60,14,67,0.4174
05/10/2017,943,2017,Oct-17,lucy,F,13:44,RBM,2,1.04,379,0,0,0,0,364.4230769,0,0,0,0,1,1,0,0,0,0,1,6.6,22.9,60,14,67,0.4174
05/10/2017,952,2017,Oct-17,panc,M,09:01,RBM,2,1,281,0,0,0,0,281,0,0,0,0,1,1,0,0,0,0,1,6.6,22.9,60,14,67,0.4174
05/10/2017,953,2017,Oct-17,saff,F,11:26,RBM,2,1.04,237,0,0,0,0,227.8846154,0,0,0,0,1,1,0,0,0,0,1,6.6,22.9,60,14,67,0.4174
05/10/2017,951,2017,Oct-17,sash,F,14:52,RBM,2,1.22,231,0,0,0,0,189.3442623,0,0,0,0,1,1,0,0,0,0,1,6.6,22.9,60,14,67,0.4174
05/10/2017,944,2017,Oct-17,arwe,F,11:05,RST,3,1.13,651,0,0,0,0,576.1061947,0,0,0,0,1,1,0,0,0,0,1,6.6,22.9,60,14,67,0.45
05/10/2017,947,2017,Oct-17,tear,F,10:15,RST,3,1.04,1617,0,3,0,0,1554.807692,0,2.884615385,0,0,2,1,0,1,0,0,1,6.6,22.9,60,14,67,0.45
05/10/2017,941,2017,Oct-17,zool,M,08:00,RST,3,1.04,736,0,0,0,0,707.6923077,0,0,0,0,1,1,0,0,0,0,1,6.6,22.9,60,14,67,0.45
06/10/2017,955,2017,Oct-17,tyva,F,09:22,PT,1,1.21,2419,0,0,0,0,1999.173554,0,0,0,0,1,1,0,0,0,0,1,3.7,30.7,60,14,67,0.4165
06/10/2017,954,2017,Oct-17,flyn,M,15:00,RBM,2,1.32,2346,0,0,0,0,1777.272727,0,0,0,0,1,1,0,0,0,0,1,3.7,30.7,60,14,67,0.4174
11/10/2017,957,2017,Oct-17,lisa,F,11:13,PT,1,1.08,888,0,0,0,0,822.2222222,0,0,0,0,1,1,0,0,0,0,1,3.7,30.3,60,14,67,0.4165
11/10/2017,959,2017,Oct-17,laya,F,12:12,RST,3,1.08,220,0,0,0,0,203.7037037,0,0,0,0,1,1,0,0,0,0,1,3.7,30.3,60,14,67,0.45
11/10/2017,956,2017,Oct-17,pris,F,10:05,RST,3,1.04,95,0,0,0,0,91.34615385,0,0,0,0,1,1,0,0,0,0,1,3.7,30.3,60,14,67,0.45
11/10/2017,958,2017,Oct-17,yoda,M,14:50,RST,3,1.08,295,0,0,0,0,273.1481481,0,0,0,0,1,1,0,0,0,0,1,3.7,30.3,60,14,67,0.45
12/10/2017,963,2017,Oct-17,brie,F,10:15,PT,1,1.16,3600,0,6,0,0,3103.448276,0,5.172413793,0,0,2,1,0,1,0,0,1,6.2,23.2,60,14,67,0.4165
12/10/2017,960,2017,Oct-17,dodg,M,08:25,PT,1,1.1,264,0,0,0,0,240,0,0,0,0,1,1,0,0,0,0,1,6.2,23.2,60,14,67,0.4165
12/10/2017,962,2017,Oct-17,schm,M,08:50,PT,1,1.08,248,0,5,0,0,229.6296296,0,4.62962963,0,0,2,1,0,1,0,0,1,6.2,23.2,60,14,67,0.4165
12/10/2017,961,2017,Oct-17,laur,F,17:17,RST,3,1,104,0,0,0,0,104,0,0,0,0,1,1,0,0,0,0,1,6.2,23.2,60,14,67,0.45
16/10/2017,965,2017,Oct-17,flyn,M,10:37,RBM,2,1.13,1169,0,0,0,0,1034.513274,0,0,0,0,1,1,0,0,0,0,1,7,26.7,60,15,0,0.4174
16/10/2017,964,2017,Oct-17,lucy,F,10:54,RBM,2,1.02,200,0,0,0,0,196.0784314,0,0,0,0,1,1,0,0,0,0,1,7,26.7,60,15,0,0.4174
17/10/2017,966,2017,Oct-17,mori,M,14:43,PT,1,1.09,418,0,0,0,0,383.4862385,0,0,0,0,1,1,0,0,0,0,1,3.7,22.9,60,15,0,0.4165
17/10/2017,973,2017,Oct-17,schm,M,08:48,PT,1,1.12,1488,0,3,0,0,1328.571429,0,2.678571429,0,0,2,1,0,1,0,0,1,3.7,22.9,60,15,0,0.4165
17/10/2017,967,2017,Oct-17,tyva,F,11:24,PT,1,1.04,1416,0,0,0,6,1361.538462,0,0,0,5.769230769,2,1,0,0,0,1,1,3.7,22.9,60,15,0,0.4165
17/10/2017,969,2017,Oct-17,holl,F,11:59,RBM,2,1.01,411,0,0,0,0,406.9306931,0,0,0,0,1,1,0,0,0,0,1,3.7,22.9,60,15,0,0.4174
17/10/2017,972,2017,Oct-17,panc,M,14:56,RBM,2,1.22,559,0,0,0,0,458.1967213,0,0,0,0,1,1,0,0,0,0,1,3.7,22.9,60,15,0,0.4174
17/10/2017,970,2017,Oct-17,sash,F,12:37,RBM,2,1.38,855,0,10,0,0,619.5652174,0,7.246376812,0,0,2,1,0,1,0,0,1,3.7,22.9,60,15,0,0.4174
17/10/2017,971,2017,Oct-17,bone,M,09:09,RST,3,1.04,729,0,0,0,0,700.9615385,0,0,0,0,1,1,0,0,0,0,1,3.7,22.9,60,15,0,0.45
17/10/2017,968,2017,Oct-17,cycl,F,15:10,RST,3,1.26,3363,0,0,0,0,2669.047619,0,0,0,0,1,1,0,0,0,0,1,3.7,22.9,60,15,0,0.45
18/10/2017,975,2017,Oct-17,brie,F,16:59,PT,1,1.27,4182,0,0,0,0,3292.913386,0,0,0,0,1,1,0,0,0,0,1,2.9,34,60,15,0,0.4165
18/10/2017,976,2017,Oct-17,dodg,M,10:44,PT,1,1.23,525,0,0,0,0,426.8292683,0,0,0,0,1,1,0,0,0,0,1,2.9,34,60,15,0,0.4165
18/10/2017,974,2017,Oct-17,sash,F,09:18,RBM,2,1.02,648,0,9,0,0,635.2941176,0,8.823529412,0,0,2,1,0,1,0,0,1,2.9,34,60,15,0,0.4174
19/10/2017,979,2017,Oct-17,need,F,08:55,PT,1,1.01,18,0,0,0,0,17.82178218,0,0,0,0,1,1,0,0,0,0,1,5.4,29.5,60,15,0,0.4165
19/10/2017,977,2017,Oct-17,nige,M,15:05,PT,1,1.08,2035,0,7,0,0,1884.259259,0,6.481481481,0,0,2,1,0,1,0,0,1,5.4,29.5,60,15,0,0.4165
19/10/2017,978,2017,Oct-17,shum,F,09:08,PT,1,1.08,635,0,0,0,0,587.962963,0,0,0,0,1,1,0,0,0,0,1,5.4,29.5,60,15,0,0.4165
20/10/2017,982,2017,Oct-17,coco,F,12:42,RBM,2,1.2,1134,0,0,0,0,945,0,0,0,0,1,1,0,0,0,0,1,2,31.1,60,15,0,0.4174
20/10/2017,981,2017,Oct-17,dori,F,12:33,RBM,2,1.13,3975,0,7,0,0,3517.699115,0,6.194690265,0,0,2,1,0,1,0,0,1,2,31.1,60,15,0,0.4174
20/10/2017,980,2017,Oct-17,saff,F,10:57,RBM,2,1.2,111,0,0,0,0,92.5,0,0,0,0,1,1,0,0,0,0,1,2,31.1,60,15,0,0.4174
23/10/2017,983,2017,Oct-17,pris,F,11:38,RST,3,1.06,560,0,0,0,0,528.3018868,0,0,0,0,1,1,0,0,0,0,1,9.8,39.7,60,15,0,0.45
26/10/2017,987,2017,Oct-17,cycl,F,14:40,RST,3,1.03,2968,0,0,0,0,2881.553398,0,0,0,0,1,1,0,0,0,0,1,4.2,27.9,60,15,0,0.45
26/10/2017,986,2017,Oct-17,tear,F,05:55,RST,3,1.25,1801,0,5,0,0,1440.8,0,4,0,0,2,1,0,1,0,0,1,4.2,27.9,60,15,0,0.45
27/10/2017,988,2017,Oct-17,nige,M,14:50,PT,1,1.01,2556,0,0,0,0,2530.693069,0,0,0,0,1,1,0,0,0,0,1,-1.5,22.5,60,15,0,0.4165
27/10/2017,990,2017,Oct-17,dori,F,14:20,RBM,2,1.12,3834,0,8,0,0,3423.214286,0,7.142857143,0,0,2,1,0,1,0,0,1,-1.5,22.5,60,15,0,0.4174
27/10/2017,989,2017,Oct-17,holl,F,14:20,RBM,2,1.21,709,0,0,0,0,585.9504132,0,0,0,0,1,1,0,0,0,0,1,-1.5,22.5,60,15,0,0.4174
28/10/2017,984,2017,Oct-17,zool,M,08:47,RST,3,1.08,1399,0,0,0,0,1295.37037,0,0,0,0,1,1,0,0,0,0,1,-1.5,30.3,60,15,0,0.45
29/10/2017,991,2017,Oct-17,tyva,F,11:20,PT,1,1.75,2880,0,10,0,0,1645.714286,0,5.714285714,0,0,2,1,0,1,0,0,1,6.2,38.8,60,16,2,0.4165
29/10/2017,985,2017,Oct-17,laur,F,11:20,RST,3,1.04,248,0,0,0,0,238.4615385,0,0,0,0,1,1,0,0,0,0,1,6.2,38.8,60,16,2,0.45
30/10/2017,996,2017,Oct-17,tyva,F,09:20,PT,1,1.15,3066,0,8,0,0,2666.086957,0,6.956521739,0,0,2,1,0,1,0,0,1,12.2,43.4,60,16,2,0.4165
30/10/2017,993,2017,Oct-17,flyn,M,12:25,RBM,2,1.04,2475,0,0,0,0,2379.807692,0,0,0,0,1,1,0,0,0,0,1,12.2,43.4,60,16,2,0.4174
30/10/2017,994,2017,Oct-17,saff,F,12:11,RBM,2,1,60,0,0,0,0,60,0,0,0,0,1,1,0,0,0,0,1,12.2,43.4,60,16,2,0.4174
30/10/2017,992,2017,Oct-17,bone,M,16:25,RST,3,1.3,594,0,0,0,0,456.9230769,0,0,0,0,1,1,0,0,0,0,1,12.2,43.4,60,16,2,0.45
30/10/2017,995,2017,Oct-17,tear,F,15:39,RST,3,1.04,738,0,4,0,2,709.6153846,0,3.846153846,0,1.923076923,3,1,0,1,0,1,1,12.2,43.4,60,16,2,0.45
31/10/2017,1000,2017,Oct-17,panc,M,07:05,RBM,2,1.57,119,0,0,0,0,75.79617834,0,0,0,0,1,1,0,0,0,0,1,18.7,40.6,60,16,2,0.4174
31/10/2017,997,2017,Oct-17,cycl,F,08:05,RST,3,1.36,2330,0,0,0,0,1713.235294,0,0,0,0,1,1,0,0,0,0,1,18.7,40.6,60,16,2,0.45
07/11/2017,1002,2017,Nov-17,schm,M,15:00,PT,1,1.14,740,0,7,0,0,649.122807,0,6.140350877,0,0,2,1,0,1,0,0,1,3.3,24.4,41,16,2,0.4013
07/11/2017,1003,2017,Nov-17,turt,F,11:11,PT,1,1.15,30,0,0,0,0,26.08695652,0,0,0,0,1,1,0,0,0,0,1,3.3,24.4,41,16,2,0.4013
07/11/2017,1004,2017,Nov-17,lucy,F,14:01,RBM,2,1.22,772,0,0,0,0,632.7868852,0,0,0,0,1,1,0,0,0,0,1,3.3,24.4,41,16,2,0.3798
07/11/2017,1005,2017,Nov-17,zool,M,15:44,RST,3,1.23,369,0,3,0,0,300,0,2.43902439,0,0,2,1,0,1,0,0,1,3.3,24.4,41,16,2,0.4132
08/11/2017,1006,2017,Nov-17,need,F,17:58,PT,1,1.59,12,0,0,0,0,7.547169811,0,0,0,0,1,1,0,0,0,0,1,4.2,29.9,41,16,2,0.4013
08/11/2017,1008,2017,Nov-17,laur,F,15:25,RST,3,1.1,91,0,0,0,0,82.72727273,0,0,0,0,1,1,0,0,0,0,1,4.2,29.9,41,16,2,0.4132
08/11/2017,1007,2017,Nov-17,yoda,M,10:50,RST,3,1.12,351,0,0,0,0,313.3928571,0,0,0,0,1,1,0,0,0,0,1,4.2,29.9,41,16,2,0.4132
09/11/2017,1015,2017,Nov-17,shum,F,09:48,PT,1,1.22,1100,0,0,0,0,901.6393443,0,0,0,0,1,1,0,0,0,0,1,8.6,34,41,16,2,0.4013
09/11/2017,1013,2017,Nov-17,coco,F,13:30,RBM,2,1.11,164,0,0,0,0,147.7477477,0,0,0,0,1,1,0,0,0,0,1,8.6,34,41,16,2,0.3798
09/11/2017,1012,2017,Nov-17,holl,F,12:58,RBM,2,1.03,26,0,0,0,0,25.24271845,0,0,0,0,1,1,0,0,0,0,1,8.6,34,41,16,2,0.3798
09/11/2017,1014,2017,Nov-17,sash,F,09:04,RBM,2,1.03,296,0,0,0,0,287.3786408,0,0,0,0,1,1,0,0,0,0,1,8.6,34,41,16,2,0.3798
13/11/2017,1027,2017,Nov-17,panc,M,11:10,RBM,2,1.02,275,0,0,0,0,269.6078431,0,0,0,0,1,1,0,0,0,0,1,11.8,32.3,41,17,15,0.3798
14/11/2017,1019,2017,Nov-17,tyva,F,12:57,PT,1,1.01,1415,0,0,0,0,1400.990099,0,0,0,0,1,1,0,0,0,0,1,10.2,30.3,41,17,15,0.4013
14/11/2017,1018,2017,Nov-17,dori,F,14:28,RBM,2,1.35,568,0,0,0,0,420.7407407,0,0,0,0,1,1,0,0,0,0,1,10.2,30.3,41,17,15,0.3798
14/11/2017,1021,2017,Nov-17,saff,F,14:50,RBM,2,1,117,0,0,0,0,117,0,0,0,0,1,1,0,0,0,0,1,10.2,30.3,41,17,15,0.3798
14/11/2017,1020,2017,Nov-17,bone,M,15:40,RST,3,1.09,399,0,0,0,0,366.0550459,0,0,0,0,1,1,0,0,0,0,1,10.2,30.3,41,17,15,0.4132
14/11/2017,1016,2017,Nov-17,cycl,F,13:30,RST,3,1.04,878,0,0,0,0,844.2307692,0,0,0,0,1,1,0,0,0,0,1,10.2,30.3,41,17,15,0.4132
14/11/2017,1017,2017,Nov-17,yoda,M,09:30,RST,3,1.1,945,0,0,0,0,859.0909091,0,0,0,0,1,1,0,0,0,0,1,10.2,30.3,41,17,15,0.4132
17/11/2017,1022,2017,Nov-17,schm,M,14:00,PT,1,1.19,263,0,0,0,0,221.0084034,0,0,0,0,1,1,0,0,0,0,1,3.3,24.4,41,17,15,0.506
18/11/2017,1023,2017,Nov-17,nige,M,09:25,PT,1,1.08,1432,0,0,0,0,1325.925926,0,0,0,0,1,1,0,0,0,0,1,5.4,32.3,41,17,15,0.506
18/11/2017,1025,2017,Nov-17,turt,F,07:30,PT,1,1.03,51,0,0,0,0,49.51456311,0,0,0,0,2,1,0,0,0,0,1,5.4,32.3,41,17,15,0.506
18/11/2017,1026,2017,Nov-17,coco,F,15:05,RBM,2,1.01,95,0,0,0,0,94.05940594,0,0,0,0,1,1,0,0,0,0,1,5.4,32.3,41,17,15,0.498
20/11/2017,1031,2017,Nov-17,need,F,17:40,PT,1,1.02,19,0,0,0,0,18.62745098,0,0,0,0,1,1,0,0,0,0,1,16,41.1,41,17,15,0.506
20/11/2017,1029,2017,Nov-17,shum,F,08:41,PT,1,1.05,609,0,0,0,0,580,0,0,0,0,1,1,0,0,0,0,1,16,41.1,41,17,15,0.506
20/11/2017,1030,2017,Nov-17,flyn,M,11:57,RBM,2,1,270,0,0,0,0,270,0,0,0,0,1,1,0,0,0,0,1,16,41.1,41,17,15,0.498
20/11/2017,1028,2017,Nov-17,holl,F,12:16,RBM,2,1.01,120,0,0,0,5,118.8118812,0,0,0,4.95049505,2,1,0,0,0,1,1,16,41.1,41,17,15,0.498
21/11/2017,1033,2017,Nov-17,pris,F,10:16,RST,3,1.11,151,0,0,0,0,136.036036,0,0,0,0,1,1,0,0,0,0,1,10.6,34,41,17,15,0.52
21/11/2017,1032,2017,Nov-17,zool,M,14:01,RST,3,1.3,44,0,0,0,0,33.84615385,0,0,0,0,1,1,0,0,0,0,1,10.6,34,41,17,15,0.52
22/11/2017,1037,2017,Nov-17,mori,M,10:15,PT,1,1.04,165,0,0,0,8,158.6538462,0,0,0,7.692307692,2,1,0,0,0,1,1,8.2,26.3,41,17,15,0.506
22/11/2017,1038,2017,Nov-17,lucy,F,11:55,RBM,2,1.08,226,0,0,0,0,209.2592593,0,0,0,0,1,1,0,0,0,0,1,8.2,26.3,41,17,15,0.498
22/11/2017,1036,2017,Nov-17,sash,F,14:40,RBM,2,1.07,55,0,0,0,0,51.40186916,0,0,0,0,1,1,0,0,0,0,1,8.2,26.3,41,17,15,0.498
22/11/2017,1043,2017,Nov-17,pris,F,06:26,RST,3,1.26,68,0,0,0,0,53.96825397,0,0,0,0,1,1,0,0,0,0,1,8.2,26.3,41,17,15,0.52
23/11/2017,1041,2017,Nov-17,brie,F,08:16,PT,1,1.12,1816,0,0,0,0,1621.428571,0,0,0,0,1,1,0,0,0,0,1,3.3,30.7,41,17,15,0.506
23/11/2017,1039,2017,Nov-17,dodg,M,07:42,PT,1,1.12,644,0,0,0,0,575,0,0,0,0,1,1,0,0,0,0,1,3.3,30.7,41,17,15,0.506
23/11/2017,1040,2017,Nov-17,lisa,F,05:44,PT,1,1.12,410,0,0,0,0,366.0714286,0,0,0,0,1,1,0,0,0,0,1,3.3,30.7,41,17,15,0.506
23/11/2017,1042,2017,Nov-17,arwe,F,08:30,RST,3,1.2,444,0,0,0,0,370,0,0,0,0,1,1,0,0,0,0,1,3.3,30.7,41,17,15,0.52
27/11/2017,1044,2017,Nov-17,dodg,M,18:26,PT,1,1,442,0,0,0,0,442,0,0,0,0,1,1,0,0,0,0,1,6.6,31.1,41,18,0,0.506
27/11/2017,1045,2017,Nov-17,need,F,14:10,PT,1,1.29,43,0,0,0,9,33.33333333,0,0,0,6.976744186,2,1,0,0,0,1,1,6.6,31.1,41,18,0,0.506
27/11/2017,1046,2017,Nov-17,tyva,F,16:57,PT,1,1.21,1683,0,0,0,0,1390.909091,0,0,0,0,1,1,0,0,0,0,1,6.6,31.1,41,18,0,0.506
29/11/2017,1047,2017,Nov-17,coco,F,15:25,RBM,2,1.03,38,0,0,0,0,36.89320388,0,0,0,0,1,1,0,0,0,0,1,7,31.9,41,18,0,0.498
30/11/2017,1048,2017,Nov-17,shum,F,08:43,PT,1,1.17,1056,0,0,0,0,902.5641026,0,0,0,0,1,1,0,0,0,0,1,10.2,34.9,41,18,0,0.506
01/12/2017,1054,2017,Dec-17,mori,M,13:11,PT,1,1.26,173,0,0,0,7,137.3015873,0,0,0,5.555555556,2,1,0,0,0,1,1,11,34.4,53,18,0,0.41
01/12/2017,1053,2017,Dec-17,nige,M,13:50,PT,1,1.13,1492,0,0,0,0,1320.353982,0,0,0,0,1,1,0,0,0,0,1,11,34.4,53,18,0,0.41
01/12/2017,1056,2017,Dec-17,panc,M,10:43,RBM,2,1.13,105,0,0,0,0,92.92035398,0,0,0,0,1,1,0,0,0,0,1,11,34.4,53,18,0,0.4208
01/12/2017,1055,2017,Dec-17,sash,F,09:04,RBM,2,1,18,0,0,0,0,18,0,0,0,0,1,1,0,0,0,0,1,11,34.4,53,18,0,0.4208
01/12/2017,1051,2017,Dec-17,arwe,F,11:27,RST,3,1.01,511,0,0,0,0,505.9405941,0,0,0,0,1,1,0,0,0,0,1,11,34.4,53,18,0,0.4551
01/12/2017,1049,2017,Dec-17,bone,M,05:27,RST,3,1.24,898,0,0,0,0,724.1935484,0,0,0,0,1,1,0,0,0,0,1,11,34.4,53,18,0,0.4551
01/12/2017,1052,2017,Dec-17,laya,F,09:55,RST,3,1.01,30,0,0,0,0,29.7029703,0,0,0,0,1,1,0,0,0,0,1,11,34.4,53,18,0,0.4551
01/12/2017,1050,2017,Dec-17,yoda,M,08:50,RST,3,1.05,1427,0,8,0,0,1359.047619,0,7.619047619,0,0,2,1,0,1,0,0,1,11,34.4,53,18,0,0.4551
02/12/2017,1057,2017,Dec-17,zool,M,13:25,RST,3,1.21,129,0,0,0,0,106.6115702,0,0,0,0,1,1,0,0,0,0,1,16.4,41.5,53,18,0,0.4551
04/12/2017,1060,2017,Dec-17,schm,M,16:42,PT,1,1.16,710,0,0,0,0,612.0689655,0,0,0,0,1,1,0,0,0,0,1,9,31.1,53,18,0,0.41
04/12/2017,1059,2017,Dec-17,dori,F,15:50,RBM,2,1.01,352,0,0,0,0,348.5148515,0,0,0,0,1,1,0,0,0,0,1,9,31.1,53,18,0,0.4208
04/12/2017,1058,2017,Dec-17,flyn,M,11:49,RBM,2,1.01,1025,0,0,0,0,1014.851485,0,0,0,0,1,1,0,0,0,0,1,9,31.1,53,18,0,0.4208
05/12/2017,1062,2017,Dec-17,cycl,F,12:40,RST,3,1,117,0,0,0,0,117,0,0,0,0,1,1,0,0,0,0,1,12.2,32.8,53,18,0,0.4551
05/12/2017,1061,2017,Dec-17,laur,F,16:15,RST,3,1.15,231,0,0,0,0,200.8695652,0,0,0,0,1,1,0,0,0,0,1,12.2,32.8,53,18,0,0.4551
05/12/2017,1063,2017,Dec-17,tear,F,16:16,RST,3,1.03,808,0,0,0,0,784.4660194,0,0,0,0,1,1,0,0,0,0,1,12.2,32.8,53,18,0,0.4551
06/12/2017,1064,2017,Dec-17,lisa,F,06:14,PT,1,1.13,1560,0,0,0,0,1380.530973,0,0,0,0,1,1,0,0,0,0,1,12.2,35.7,53,18,0,0.41
07/12/2017,1068,2017,Dec-17,brie,F,08:15,PT,1,1.18,690,0,3,0,0,584.7457627,0,2.542372881,0,0,2,1,0,1,0,0,1,11,40.1,53,18,0,0.41
07/12/2017,1067,2017,Dec-17,turt,F,05:13,PT,1,0.96,14,0,0,0,6,14.58333333,0,0,0,6.25,2,1,0,0,0,1,1,11,40.1,53,18,0,0.41
07/12/2017,1065,2017,Dec-17,lucy,F,05:30,RBM,2,1.23,321,0,0,0,0,260.9756098,0,0,0,0,1,1,0,0,0,0,1,11,40.1,53,18,0,0.4208
07/12/2017,1066,2017,Dec-17,saff,F,06:33,RBM,2,1.02,12,0,0,0,0,11.76470588,0,0,0,0,1,1,0,0,0,0,1,11,40.1,53,18,0,0.4208
11/12/2017,1070,2017,Dec-17,brie,F,13:22,PT,1,1.13,927,0,0,0,0,820.3539823,0,0,0,0,1,1,0,0,0,0,1,7.4,32.8,53,19,14.5,0.41
11/12/2017,1071,2017,Dec-17,panc,M,16:42,RBM,2,1,109,0,0,0,0,109,0,0,0,0,1,1,0,0,0,0,1,7.4,32.8,53,19,14.5,0.4208
11/12/2017,1069,2017,Dec-17,cycl,F,11:03,RST,3,1.02,187,0,0,0,0,183.3333333,0,0,0,0,1,1,0,0,0,0,1,7.4,32.8,53,19,14.5,0.4551
12/12/2017,1074,2017,Dec-17,mori,M,17:45,PT,1,1.6,291,0,0,0,0,181.875,0,0,0,0,0,1,0,0,0,0,0,6.6,34,53,19,14.5,0.41
12/12/2017,1073,2017,Dec-17,shum,F,15:48,PT,1,1.15,930,0,0,0,0,808.6956522,0,0,0,0,1,1,0,0,0,0,1,6.6,34,53,19,14.5,0.41
12/12/2017,1072,2017,Dec-17,tear,F,09:01,RST,3,1.1,1226,0,7,0,0,1114.545455,0,6.363636364,0,0,2,1,0,1,0,0,1,6.6,34,53,19,14.5,0.4551
13/12/2017,1076,2017,Dec-17,flyn,M,11:45,RBM,2,1.48,1400,0,0,0,0,945.9459459,0,0,0,0,1,1,0,0,0,0,1,5.8,31.9,53,19,14.5,0.4208
13/12/2017,1075,2017,Dec-17,sash,F,15:06,RBM,2,1.13,53,0,8,0,0,46.90265487,0,7.079646018,0,0,2,1,0,1,0,0,1,5.8,31.9,53,19,14.5,0.4208
13/12/2017,1077,2017,Dec-17,arwe,F,14:57,RST,3,1.29,252,0,0,0,0,195.3488372,0,0,0,0,1,1,0,0,0,0,1,5.8,31.9,53,19,14.5,0.4551
14/12/2017,1078,2017,Dec-17,lisa,F,11:37,PT,1,1.16,567,0,0,0,0,488.7931034,0,0,0,0,1,1,0,0,0,0,1,10.2,32.8,53,19,14.5,0.41
14/12/2017,1081,2017,Dec-17,need,F,05:32,PT,1,1.1,0,0,0,0,0,0,0,0,0,0,0,0,0,0,0,0,0,10.2,32.8,53,19,14.5,0.41
14/12/2017,1080,2017,Dec-17,laur,F,12:40,RST,3,1.03,188,0,0,0,0,182.5242718,0,0,0,0,1,1,0,0,0,0,1,10.2,32.8,53,19,14.5,0.4551
14/12/2017,1082,2017,Dec-17,laya,F,10:11,RST,3,1.35,143,0,0,0,0,105.9259259,0,0,0,0,1,1,0,0,0,0,1,10.2,32.8,53,19,14.5,0.4551
14/12/2017,1079,2017,Dec-17,pris,F,07:16,RST,3,1.06,12,0,0,0,0,11.32075472,0,0,0,0,1,1,0,0,0,0,1,10.2,32.8,53,19,14.5,0.4551
18/12/2017,1083,2017,Dec-17,dodg,M,17:33,PT,1,1.42,225,0,0,0,0,158.4507042,0,0,0,0,1,1,0,0,0,0,1,11.8,15.2,53,19,14.5,0.3837
18/12/2017,1084,2017,Dec-17,coco,F,15:02,RBM,2,1.08,300,0,0,0,0,277.7777778,0,0,0,0,1,1,0,0,0,0,1,11.8,15.2,53,19,14.5,0.3827
18/12/2017,1085,2017,Dec-17,bone,M,16:01,RST,3,1.01,246,0,0,0,0,243.5643564,0,0,0,0,1,1,0,0,0,0,1,11.8,15.2,53,19,14.5,0.4236
19/12/2017,1086,2017,Dec-17,holl,F,12:50,RBM,2,1.44,173,0,0,0,0,120.1388889,0,0,0,0,1,1,0,0,0,0,1,10.6,34,53,19,14.5,0.3827
19/12/2017,1087,2017,Dec-17,saff,F,11:10,RBM,2,1.41,60,0,0,0,0,42.55319149,0,0,0,0,1,1,0,0,0,0,1,10.6,34,53,19,14.5,0.3827
20/12/2017,1088,2017,Dec-17,tyva,F,09:42,PT,1,1.62,2359,11,0,0,0,1456.17284,6.790123457,0,0,0,2,1,1,0,0,0,1,7,40.6,53,19,14.5,0.3837
20/12/2017,1089,2017,Dec-17,lucy,F,13:54,RBM,2,1.27,455,0,0,0,0,358.2677165,0,0,0,0,1,1,0,0,0,0,1,7,40.6,53,19,14.5,0.3827
21/12/2017,1091,2017,Dec-17,mori,M,06:16,PT,1,1.1,330,0,0,0,0,300,0,0,0,0,1,1,0,0,0,0,1,9.8,44.4,53,19,14.5,0.3837
21/12/2017,1090,2017,Dec-17,need,F,12:45,PT,1,1.02,0,0,0,0,0,0,0,0,0,0,0,0,0,0,0,0,0,9.8,44.4,53,19,14.5,0.3837
21/12/2017,1094,2017,Dec-17,lucy,F,12:59,RBM,2,1.14,303,3,0,0,0,265.7894737,2.631578947,0,0,0,2,1,1,0,0,0,1,9.8,44.4,53,19,14.5,0.3827
21/12/2017,1093,2017,Dec-17,laya,F,07:44,RST,3,2.08,255,0,0,0,0,122.5961538,0,0,0,0,1,1,0,0,0,0,1,9.8,44.4,53,19,14.5,0.4236
21/12/2017,1092,2017,Dec-17,pris,F,05:10,RST,3,1.33,21,0,0,0,0,15.78947368,0,0,0,0,1,1,0,0,0,0,1,9.8,44.4,53,19,14.5,0.4236
27/12/2017,1097,2017,Dec-17,dori,F,09:28,RBM,2,1.08,320,0,0,0,0,296.2962963,0,0,0,0,1,1,0,0,0,0,1,8.2,41.5,53,20,17,0.3827
27/12/2017,1095,2017,Dec-17,holl,F,10:35,RBM,2,1.34,119,0,0,0,0,88.80597015,0,0,0,0,1,1,0,0,0,0,1,8.2,41.5,53,20,17,0.3827
27/12/2017,1096,2017,Dec-17,sash,F,16:30,RBM,2,1.13,36,0,6,0,0,31.85840708,0,5.309734513,0,0,2,1,0,1,0,0,1,8.2,41.5,53,20,17,0.3827
28/12/2017,1098,2017,Dec-17,mori,M,16:17,PT,1,1.82,885,0,0,0,0,486.2637363,0,0,0,0,1,1,0,0,0,0,1,9.8,34,53,20,17,0.3837
29/12/2017,1102,2017,Dec-17,coco,F,13:36,RBM,2,1.62,256,0,0,0,0,158.0246914,0,0,0,0,1,1,0,0,0,0,1,10.2,40.1,53,20,17,0.3827
29/12/2017,1101,2017,Dec-17,saff,F,13:47,RBM,2,1.61,66,0,0,0,0,40.99378882,0,0,0,0,1,1,0,0,0,0,1,10.2,40.1,53,20,17,0.3827
29/12/2017,1100,2017,Dec-17,bone,M,11:30,RST,3,1.15,1220,0,0,0,0,1060.869565,0,0,0,0,1,1,0,0,0,0,1,10.2,40.1,53,20,17,0.4236
04/01/2018,1107,2018,Jan-18,dori,F,15:14,RBM,2,1,240,0,0,0,0,240,0,0,0,0,2,1,0,0,0,0,1,11,46.9,34,20,17,0.3323
08/01/2018,1104,2018,Jan-18,cycl,F,09:14,RST,3,1.38,1660,0,0,0,0,1202.898551,0,0,0,0,1,1,0,0,0,0,1,12.6,35.7,34,21,20.7,0.368
09/01/2018,1105,2018,Jan-18,dori,F,07:14,RBM,2,1.02,520,0,0,0,9,509.8039216,0,0,0,8.823529412,2,1,0,0,0,1,1,7,33.2,34,21,20.7,0.3323
09/01/2018,1106,2018,Jan-18,saff,F,05:14,RBM,2,1.52,71,0,0,0,0,46.71052632,0,0,0,0,1,1,0,0,0,0,1,7,33.2,34,21,20.7,0.3323
10/01/2018,1109,2018,Jan-18,shum,F,13:53,PT,1,1.08,2018,0,0,0,0,1868.518519,0,0,0,0,1,1,0,0,0,0,1,7,37.9,34,21,20.7,0.3497
10/01/2018,1108,2018,Jan-18,turt,F,05:17,PT,1,1.01,177,0,0,0,0,175.2475248,0,0,0,0,1,1,0,0,0,0,1,7,37.9,34,21,20.7,0.3497
10/01/2018,1118,2018,Jan-18,bone,M,13:26,RST,3,1.4,1520,0,0,0,0,1085.714286,0,0,0,0,1,1,0,0,0,0,1,7,37.9,34,21,20.7,0.368
11/01/2018,1103,2018,Jan-18,coco,F,07:14,RBM,2,1.29,138,0,9,0,0,106.9767442,0,6.976744186,0,0,2,1,0,1,0,0,1,10.6,49.6,34,21,20.7,0.3323
11/01/2018,1110,2018,Jan-18,flyn,M,15:03,RBM,2,1.71,1491,0,0,0,0,871.9298246,0,0,0,0,1,1,0,0,0,0,1,10.6,49.6,34,21,20.7,0.3323
16/01/2018,1111,2018,Jan-18,coco,F,16:36,RBM,2,1.25,50,0,5,0,0,40,0,4,0,0,2,1,0,1,0,0,1,12,35,34,21,20.7,0.3748
17/01/2018,1112,2018,Jan-18,tyva,F,13:51,PT,1,1,3619,7,8,0,0,3619,7,8,0,0,3,1,1,1,0,0,1,16,35,34,21,20.7,0.3378
17/01/2018,1113,2018,Jan-18,laya,F,11:37,RST,3,1.73,540,0,0,0,0,312.1387283,0,0,0,0,1,1,0,0,0,0,1,16,35,34,21,20.7,0.371
17/01/2018,1114,2018,Jan-18,zool,M,14:55,RST,3,2.68,556,0,0,0,0,207.4626866,0,0,0,0,1,1,0,0,0,0,1,16,35,34,21,20.7,0.371
18/01/2018,1116,2018,Jan-18,shum,F,08:28,PT,1,1.5,1631,0,0,0,0,1087.333333,0,0,0,0,1,1,0,0,0,0,1,19,36,34,21,20.7,0.3378
18/01/2018,1115,2018,Jan-18,bone,M,13:00,RST,3,1.13,1632,0,0,0,0,1444.247788,0,0,0,0,1,1,0,0,0,0,1,19,36,34,21,20.7,0.371
19/01/2018,1117,2018,Jan-18,saff,F,06:10,RBM,2,1.86,107,0,0,0,0,57.52688172,0,0,0,0,1,1,0,0,0,0,1,17,35,34,21,20.7,0.3748
25/01/2018,1121,2018,Jan-18,lisa,F,13:00,PT,1,1.29,150,0,0,0,0,116.2790698,0,0,0,0,1,1,0,0,0,0,1,16,28,34,22,30,0.3378
25/01/2018,1120,2018,Jan-18,flyn,M,13:27,RBM,2,1.05,1380,0,0,0,0,1314.285714,0,0,0,0,1,1,0,0,0,0,1,16,28,34,22,30,0.3748
25/01/2018,1119,2018,Jan-18,holl,F,10:10,RBM,2,1.16,985,0,0,0,8,849.137931,0,0,0,6.896551724,2,1,0,0,0,1,1,16,28,34,22,30,0.3748
25/01/2018,1122,2018,Jan-18,pris,F,10:40,RST,3,1.06,546,0,0,0,0,515.0943396,0,0,0,0,1,1,0,0,0,0,1,16,28,34,22,30,0.371
26/01/2018,1126,2018,Jan-18,lisa,F,12:26,PT,1,1.11,135,0,0,0,0,121.6216216,0,0,0,0,1,1,0,0,0,0,1,16,31,34,22,30,0.3378
26/01/2018,1125,2018,Jan-18,tyva,F,18:30,PT,1,1.09,3730,0,0,0,0,3422.018349,0,0,0,0,1,1,0,0,0,0,1,16,31,34,22,30,0.3378
26/01/2018,1123,2018,Jan-18,sash,F,13:29,RBM,2,1.05,93,0,6,0,0,88.57142857,0,5.714285714,0,0,2,1,0,1,0,0,1,16,31,34,22,30,0.3748
26/01/2018,1124,2018,Jan-18,tear,F,12:04,RST,3,1.5,2180,0,0,0,0,1453.333333,0,0,0,0,1,1,0,0,0,0,1,16,31,34,22,30,0.371
27/01/2018,1131,2018,Jan-18,mori,M,13:57,PT,1,1.67,1280,0,0,0,0,766.4670659,0,0,0,0,1,1,0,0,0,0,1,15,27,34,22,30,0.3378
27/01/2018,1127,2018,Jan-18,holl,F,13:50,RBM,2,1.28,1179,0,0,0,6,921.09375,0,0,0,4.6875,2,1,0,0,0,1,1,15,27,34,22,30,0.3748
27/01/2018,1128,2018,Jan-18,sash,F,05:58,RBM,2,1.06,170,0,6,0,0,160.3773585,0,5.660377358,0,0,2,1,0,1,0,0,1,15,27,34,22,30,0.3748
29/01/2018,1129,2018,Jan-18,yoda,M,16:26,RST,3,1,113,0,0,0,0,113,0,0,0,0,1,1,0,0,0,0,1,14,34,34,22,30,0.371
29/01/2018,1130,2018,Jan-18,zool,M,13:00,RST,3,1.15,302,0,0,0,0,262.6086957,0,0,0,0,1,1,0,0,0,0,1,14,34,34,22,30,0.371
30/01/2018,1136,2018,Jan-18,holl,F,10:01,RBM,2,1.08,473,0,0,0,0,437.962963,0,0,0,0,2,1,0,0,0,0,1,17,34,34,22,30,0.3748
30/01/2018,1135,2018,Jan-18,lucy,F,17:02,RBM,2,1.32,223,0,0,0,0,168.9393939,0,0,0,0,1,1,0,0,0,0,1,17,34,34,22,30,0.3748
30/01/2018,1134,2018,Jan-18,saff,F,14:18,RBM,2,1.14,39,0,0,0,0,34.21052632,0,0,0,0,1,1,0,0,0,0,1,17,34,34,22,30,0.3748
30/01/2018,1133,2018,Jan-18,pris,F,10:46,RST,3,0.93,104,0,0,0,0,111.827957,0,0,0,0,1,1,0,0,0,0,1,17,34,34,22,30,0.371
30/01/2018,1132,2018,Jan-18,tear,F,12:46,RST,3,1.09,648,0,0,0,0,594.4954128,0,0,0,0,1,1,0,0,0,0,1,17,34,34,22,30,0.371
02/02/2018,1137,2018,Feb-18,flyn,M,11:04,RBM,2,1.14,1407,0,0,0,0,1234.210526,0,0,0,0,1,1,0,0,0,0,1,16,30,42,22,30,0.5085
02/02/2018,1139,2018,Feb-18,bone,M,05:31,RST,3,1.16,301,0,0,0,0,259.4827586,0,0,0,0,1,1,0,0,0,0,1,16,30,42,22,30,0.4333
05/02/2018,1141,2018,Feb-18,arwe,F,10:25,RST,3,1.13,200,0,0,0,0,176.9911504,0,0,0,0,1,1,0,0,0,0,1,13,38,42,23,22,0.4333
05/02/2018,1140,2018,Feb-18,laur,F,16:18,RST,3,1.28,243,0,0,0,0,189.84375,0,0,0,0,1,1,0,0,0,0,1,13,38,42,23,22,0.4333
05/02/2018,1142,2018,Feb-18,laya,F,11:18,RST,3,1.05,41,0,0,0,0,39.04761905,0,0,0,0,1,1,0,0,0,0,1,13,38,42,23,22,0.4333
06/02/2018,1145,2018,Feb-18,coco,F,15:35,RBM,2,1.42,162,0,0,0,0,114.084507,0,0,0,0,1,1,0,0,0,0,1,16,36,42,23,22,0.5085
06/02/2018,1143,2018,Feb-18,panc,M,12:30,RBM,2,1.1,441,0,0,0,0,400.9090909,0,0,0,0,1,1,0,0,0,0,1,16,36,42,23,22,0.5085
06/02/2018,1144,2018,Feb-18,sash,F,12:38,RBM,2,1.05,120,0,0,0,0,114.2857143,0,0,0,0,1,1,0,0,0,0,1,16,36,42,23,22,0.5085
07/02/2018,1148,2018,Feb-18,mori,M,15:14,PT,1,1.29,272,0,0,0,0,210.8527132,0,0,0,0,1,1,0,0,0,0,1,20,31,42,23,22,0.4549
07/02/2018,1146,2018,Feb-18,tyva,F,18:45,PT,1,1.78,2872,0,0,0,8,1613.483146,0,0,0,4.494382022,2,1,0,0,0,1,1,20,31,42,23,22,0.4549
07/02/2018,1147,2018,Feb-18,laur,F,12:11,RST,3,1.2,226,0,0,0,0,188.3333333,0,0,0,0,1,1,0,0,0,0,1,20,31,42,23,22,0.4333
08/02/2018,1150,2018,Feb-18,turt,F,06:53,PT,1,1.21,112,0,0,0,0,92.56198347,0,0,0,0,1,1,0,0,0,0,1,20,37,42,23,22,0.4549
09/02/2018,1149,2018,Feb-18,brie,F,05:30,PT,1,1.43,1906,0,0,0,0,1332.867133,0,0,0,0,1,1,0,0,0,0,1,16,38,42,23,22,0.4549
09/02/2018,1151,2018,Feb-18,need,F,06:19,PT,1,1.01,3,0,0,0,6,2.97029703,0,0,0,5.940594059,2,1,0,0,0,1,1,16,38,42,23,22,0.4549
12/02/2018,1155,2018,Feb-18,coco,F,12:16,RBM,2,1.18,889,0,0,0,0,753.3898305,0,0,0,0,1,1,0,0,0,0,1,16,31,42,23,22,0.5085
12/02/2018,1154,2018,Feb-18,saff,F,10:16,RBM,2,1.14,311,0,0,0,0,272.8070175,0,0,0,0,1,1,0,0,0,0,1,16,31,42,23,22,0.5085
12/02/2018,1153,2018,Feb-18,sash,F,06:22,RBM,2,1,35,0,0,0,0,35,0,0,0,0,1,1,0,0,0,0,1,16,31,42,23,22,0.5085
13/02/2018,1156,2018,Feb-18,holl,F,16:46,RBM,2,1.22,260,0,0,0,0,213.1147541,0,0,0,0,1,1,0,0,0,0,1,18,31,42,23,22,0.5085
13/02/2018,1157,2018,Feb-18,bone,M,11:20,RST,3,1.11,556,0,0,0,0,500.9009009,0,0,0,0,1,1,0,0,0,0,1,18,31,42,23,22,0.4333
13/02/2018,1159,2018,Feb-18,laur,F,09:40,RST,3,1.28,508,0,0,0,0,396.875,0,0,0,0,1,1,0,0,0,0,1,18,31,42,23,22,0.4333
13/02/2018,1158,2018,Feb-18,laya,F,15:05,RST,3,1.04,152,0,0,0,0,146.1538462,0,0,0,0,1,1,0,0,0,0,1,18,31,42,23,22,0.4333
15/02/2018,1163,2018,Feb-18,brie,F,07:01,PT,1,1.13,2588,0,0,0,0,2290.265487,0,0,0,0,1,1,0,0,0,0,1,17,29,42,23,22,0.4549
15/02/2018,1165,2018,Feb-18,lisa,F,07:02,PT,1,1.03,1292,0,0,0,0,1254.368932,0,0,0,0,1,1,0,0,0,0,1,17,29,42,23,22,0.4549
15/02/2018,1162,2018,Feb-18,mori,M,11:05,PT,1,1.14,1391,0,0,0,0,1220.175439,0,0,0,0,1,1,0,0,0,0,1,17,29,42,23,22,0.4549
15/02/2018,1164,2018,Feb-18,shum,F,06:19,PT,1,1.51,1265,0,0,0,0,837.7483444,0,0,0,0,1,1,0,0,0,0,1,17,29,42,23,22,0.4549
15/02/2018,1161,2018,Feb-18,turt,F,12:22,PT,1,1.28,290,0,0,0,0,226.5625,0,0,0,0,1,1,0,0,0,0,1,17,29,42,23,22,0.4549
16/02/2018,1169,2018,Feb-18,brie,F,06:00,PT,1,1.52,3732,0,0,0,0,2455.263158,0,0,0,0,1,1,0,0,0,0,1,16,30,42,23,22,0.5821
16/02/2018,1170,2018,Feb-18,dodg,M,07:28,PT,1,1.54,606,0,0,0,0,393.5064935,0,0,0,0,1,1,0,0,0,0,1,16,30,42,23,22,0.5821
16/02/2018,1167,2018,Feb-18,lisa,F,10:16,PT,1,1.19,1285,0,0,0,0,1079.831933,0,0,0,0,1,1,0,0,0,0,1,16,30,42,23,22,0.5821
16/02/2018,1166,2018,Feb-18,mori,M,06:08,PT,1,1.68,905,0,0,0,0,538.6904762,0,0,0,0,1,1,0,0,0,0,1,16,30,42,23,22,0.5821
16/02/2018,1168,2018,Feb-18,tyva,F,13:51,PT,1,2.16,3228,0,0,0,0,1494.444444,0,0,0,0,1,1,0,0,0,0,1,16,30,42,23,22,0.5821
16/02/2018,1171,2018,Feb-18,panc,M,15:21,RBM,2,1,361,0,0,0,0,361,0,0,0,0,1,1,0,0,0,0,1,16,30,42,23,22,0.5858
21/02/2018,1173,2018,Feb-18,flyn,M,16:09,RBM,2,1.09,1104,0,0,0,0,1012.844037,0,0,0,0,1,1,0,0,0,0,1,18,27,42,24,40,0.5858
21/02/2018,1172,2018,Feb-18,lucy,F,11:11,RBM,2,1.5,403,0,0,0,0,268.6666667,0,0,0,0,1,1,0,0,0,0,1,18,27,42,24,40,0.5858
22/02/2018,1174,2018,Feb-18,schm,M,13:00,PT,1,1.25,1001,0,0,0,0,800.8,0,0,0,0,1,1,0,0,0,0,1,16,34,42,24,40,0.5821
22/02/2018,1176,2018,Feb-18,arwe,F,06:43,RST,3,1.06,225,0,0,0,0,212.2641509,0,0,0,0,1,1,0,0,0,0,1,16,34,42,24,40,0.5928
22/02/2018,1175,2018,Feb-18,pris,F,07:06,RST,3,1.07,0,0,0,0,0,0,0,0,0,0,0,0,0,0,0,0,0,16,34,42,24,40,0.5928
22/02/2018,1177,2018,Feb-18,tear,F,06:23,RST,3,1.23,1002,0,0,0,0,814.6341463,0,0,0,0,1,1,0,0,0,0,1,16,34,42,24,40,0.5928
23/02/2018,1178,2018,Feb-18,zool,M,10:44,RST,3,1.81,324,0,0,0,0,179.0055249,0,0,0,0,1,1,0,0,0,0,1,15,35,42,24,40,0.5928
26/02/2018,1179,2018,Feb-18,arwe,F,15:57,RST,3,1.75,50,0,0,0,0,28.57142857,0,0,0,0,1,1,0,0,0,0,1,7,29,42,24,40,0.5928
27/02/2018,1180,2018,Feb-18,tyva,F,14:07,PT,1,2.78,1472,0,0,0,0,529.4964029,0,0,0,0,1,1,0,0,0,0,1,11,35,42,24,40,0.5821
28/02/2018,1181,2018,Feb-18,coco,F,06:06,RBM,2,1.24,127,0,0,0,0,102.4193548,0,0,0,0,1,1,0,0,0,0,1,11,33,42,24,40,0.5858
01/03/2018,1183,2018,Mar-18,flyn,M,06:11,RBM,2,2.18,2359,0,0,0,0,1082.110092,0,0,0,0,1,1,0,0,0,0,1,16,26,47,24,40,0.4931
01/03/2018,1184,2018,Mar-18,panc,M,11:37,RBM,2,1.54,429,0,0,0,7,278.5714286,0,0,0,4.545454545,2,1,0,0,0,1,1,16,26,47,24,40,0.4931
01/03/2018,1182,2018,Mar-18,saff,F,11:40,RBM,2,1.56,238,0,0,0,0,152.5641026,0,0,0,0,1,1,0,0,0,0,1,16,26,47,24,40,0.4931
02/03/2018,1186,2018,Mar-18,shum,F,06:35,PT,1,1.48,988,0,0,0,0,667.5675676,0,0,0,0,1,1,0,0,0,0,1,16,23,47,24,40,0.5059
02/03/2018,1185,2018,Mar-18,lucy,F,06:40,RBM,2,1.25,276,0,0,0,0,220.8,0,0,0,0,2,1,0,0,0,0,1,16,23,47,24,40,0.4931
07/03/2018,1187,2018,Mar-18,bone,M,16:22,RST,3,1.22,1395,0,0,0,0,1143.442623,0,0,0,0,2,1,0,0,0,0,1,18,29,47,25,0,0.521
08/03/2018,1188,2018,Mar-18,brie,F,12:51,PT,1,1.84,3360,0,0,0,0,1826.086957,0,0,0,0,1,1,0,0,0,0,1,14,22,47,25,0,0.5059
08/03/2018,1192,2018,Mar-18,arwe,F,10:00,RST,3,1.04,90,0,0,0,0,86.53846154,0,0,0,0,1,1,0,0,0,0,1,14,22,47,25,0,0.521
08/03/2018,1191,2018,Mar-18,pris,F,14:18,RST,3,1.81,48,0,0,0,0,26.51933702,0,0,0,0,1,1,0,0,0,0,1,14,22,47,25,0,0.521
08/03/2018,1189,2018,Mar-18,yoda,M,12:54,RST,3,1.55,210,0,0,0,0,135.483871,0,0,0,0,1,1,0,0,0,0,1,14,22,47,25,0,0.521
08/03/2018,1190,2018,Mar-18,zool,M,06:56,RST,3,1.16,388,0,0,0,0,334.4827586,0,0,0,0,1,1,0,0,0,0,1,14,22,47,25,0,0.521
09/03/2018,1193,2018,Mar-18,lisa,F,07:15,PT,1,1.08,446,0,0,0,0,412.962963,0,0,0,0,1,1,0,0,0,0,1,8,25,47,25,0,0.5059
09/03/2018,1194,2018,Mar-18,need,F,08:20,PT,1,1.68,0,0,0,0,0,0,0,0,0,0,0,0,0,0,0,0,0,8,25,47,25,0,0.5059
09/03/2018,1196,2018,Mar-18,holl,F,06:07,RBM,2,2.12,782,0,0,0,0,368.8679245,0,0,0,0,1,1,0,0,0,0,1,8,25,47,25,0,0.4931
09/03/2018,1195,2018,Mar-18,yoda,M,06:03,RST,3,1,529,0,0,0,0,529,0,0,0,0,1,1,0,0,0,0,1,8,25,47,25,0,0.521
11/03/2018,1198,2018,Mar-18,dodg,M,07:50,PT,1,1.81,601,0,0,0,0,332.0441989,0,0,0,0,1,1,0,0,0,0,1,13,29,47,25,0,0.5059
11/03/2018,1197,2018,Mar-18,shum,F,06:20,PT,1,3.19,1501,0,0,0,0,470.5329154,0,0,0,0,1,1,0,0,0,0,1,13,29,47,25,0,0.5059
12/03/2018,1201,2018,Mar-18,brie,F,16:42,PT,1,1.56,2046,0,0,0,0,1311.538462,0,0,0,0,1,1,0,0,0,0,1,13,30,47,25,0,0.5059
12/03/2018,1200,2018,Mar-18,lisa,F,16:11,PT,1,1.57,1325,0,0,0,0,843.9490446,0,0,0,0,1,1,0,0,0,0,1,13,30,47,25,0,0.5059
12/03/2018,1199,2018,Mar-18,flyn,M,09:32,RBM,2,1.56,1687,0,0,0,0,1081.410256,0,0,0,0,1,1,0,0,0,0,1,13,30,47,25,0,0.4931
13/03/2018,1202,2018,Mar-18,tyva,F,16:12,PT,1,1.73,639,0,0,0,0,369.3641618,0,0,0,0,1,1,0,0,0,0,1,18,36,47,25,0,0.5059
14/03/2018,1204,2018,Mar-18,mori,M,07:55,PT,1,3.35,3225,0,0,0,0,962.6865672,0,0,0,0,1,1,0,0,0,0,1,15,31,47,25,0,0.5059
14/03/2018,1205,2018,Mar-18,panc,M,09:56,RBM,2,1.17,965,0,0,0,12,824.7863248,0,0,0,10.25641026,2,1,0,0,0,1,1,15,31,47,25,0,0.4931
14/03/2018,1203,2018,Mar-18,pris,F,13:57,RST,3,2.06,56,0,0,0,0,27.18446602,0,0,0,0,1,1,0,0,0,0,1,15,31,47,25,0,0.521
15/03/2018,1206,2018,Mar-18,laur,F,06:09,RST,3,1.93,445,0,0,0,0,230.5699482,0,0,0,0,1,1,0,0,0,0,1,12,26,47,25,0,0.521
16/03/2018,1210,2018,Mar-18,need,F,07:38,PT,1,1.49,4,0,0,0,0,2.684563758,0,0,0,0,1,1,0,0,0,0,1,11,17,47,25,0,0.4685
16/03/2018,1208,2018,Mar-18,schm,M,09:18,PT,1,1.71,1227,0,0,0,0,717.5438596,0,0,0,0,1,1,0,0,0,0,1,11,17,47,25,0,0.4685
16/03/2018,1211,2018,Mar-18,turt,F,06:45,PT,1,1.32,214,0,0,0,0,162.1212121,0,0,0,0,1,1,0,0,0,0,1,11,17,47,25,0,0.4685
16/03/2018,1213,2018,Mar-18,holl,F,06:14,RBM,2,1.7,451,0,0,0,0,265.2941176,0,0,0,0,1,1,0,0,0,0,1,11,17,47,25,0,0.4515
16/03/2018,1207,2018,Mar-18,lucy,F,08:07,RBM,2,2.45,297,0,0,0,7,121.2244898,0,0,0,2.857142857,2,1,0,0,0,1,1,11,17,47,25,0,0.4515
16/03/2018,1214,2018,Mar-18,saff,F,08:36,RBM,2,1.68,81,0,0,0,0,48.21428571,0,0,0,0,1,1,0,0,0,0,1,11,17,47,25,0,0.4515
16/03/2018,1212,2018,Mar-18,sash,F,06:32,RBM,2,1.91,165,0,0,0,0,86.38743455,0,0,0,0,1,1,0,0,0,0,1,11,17,47,25,0,0.4515
16/03/2018,1209,2018,Mar-18,bone,M,06:20,RST,3,1.4,600,0,0,0,0,428.5714286,0,0,0,0,2,1,0,0,0,0,1,11,17,47,25,0,0.5309
19/03/2018,1215,2018,Mar-18,yoda,M,17:19,RST,3,1,815,0,0,0,0,815,0,0,0,0,1,1,0,0,0,0,1,13,29,47,26,0,0.5309
20/03/2018,1216,2018,Mar-18,laur,F,12:15,RST,3,1.81,236,0,0,0,0,130.3867403,0,0,0,0,1,1,0,0,0,0,1,11,31,47,26,0,0.5309
22/03/2018,1217,2018,Mar-18,schm,M,06:40,PT,1,1.52,1278,0,0,0,0,840.7894737,0,0,0,0,1,1,0,0,0,0,1,13,22,47,26,0,0.4685
23/03/2018,1219,2018,Mar-18,laur,F,11:28,RST,3,1.2,449,0,0,0,0,374.1666667,0,0,0,0,1,1,0,0,0,0,1,11,30,47,26,0,0.5309
23/03/2018,1218,2018,Mar-18,laya,F,06:27,RST,3,1.84,483,0,0,0,0,262.5,0,0,0,0,1,1,0,0,0,0,1,11,30,47,26,0,0.5309
26/03/2018,1220,2018,Mar-18,laur,F,14:17,RST,3,2.05,345,0,0,0,0,168.2926829,0,0,0,0,1,1,0,0,0,0,1,12,28,47,26,0,0.5309
26/03/2018,1222,2018,Mar-18,zool,M,09:35,RST,3,1.22,480,0,0,0,0,393.442623,0,0,0,0,2,1,0,0,0,0,1,12,28,47,26,0,0.5309
27/03/2018,1221,2018,Mar-18,need,F,01:32,PT,1,1.46,90,0,0,0,0,61.64383562,0,0,0,0,1,1,0,0,0,0,1,6,35,47,26,0,0.4685
29/03/2018,1223,2018,Mar-18,tyva,F,14:14,PT,1,1.37,4152,0,9,0,0,3030.656934,0,6.569343066,0,0,2,1,0,1,0,0,1,15,26,47,26,0,0.4685
29/03/2018,1224,2018,Mar-18,laya,F,13:45,RST,3,1.63,114,0,0,0,0,69.93865031,0,0,0,0,1,1,0,0,0,0,1,15,26,47,26,0,0.5309
30/03/2018,1225,2018,Mar-18,coco,F,07:51,RBM,2,2.15,330,0,0,0,0,153.4883721,0,0,0,0,1,1,0,0,0,0,1,12,25,47,26,0,0.4515
30/03/2018,1228,2018,Mar-18,flyn,M,09:03,RBM,2,1.9,1560,0,0,0,0,821.0526316,0,0,0,0,1,1,0,0,0,0,1,12,25,47,26,0,0.4515
30/03/2018,1227,2018,Mar-18,saff,F,09:17,RBM,2,2.01,60,0,0,0,0,29.85074627,0,0,0,0,1,1,0,0,0,0,1,12,25,47,26,0,0.4515
30/03/2018,1226,2018,Mar-18,bone,M,13:26,RST,3,1.58,3648,0,0,0,0,2308.860759,0,0,0,0,1,1,0,0,0,0,1,12,25,47,26,0,0.5309